,Id,Area,Bedrooms,Bathrooms,Floors,YearBuilt,Location,Condition,Garage
1872,1873,1633,2,2,1,1900,Urban,Fair,Yes
526,527,1896,1,2,1,1910,Urban,Good,No
173,174,3011,1,4,2,1996,Urban,Fair,No
720,721,3090,4,3,3,1906,Downtown,Fair,No
414,415,3848,1,2,1,2018,Rural,Excellent,No
237,238,1545,1,3,1,1933,Downtown,Fair,No
1472,1473,4165,4,4,1,1929,Urban,Poor,No
1335,1336,3701,1,2,2,1907,Suburban,Good,Yes
1063,1064,653,5,2,2,1938,Suburban,Poor,Yes
23,24,2306,2,2,3,1976,Rural,Poor,Yes
1766,1767,4102,2,1,3,1905,Urban,Good,No
63,64,3842,2,2,1,1943,Rural,Fair,Yes
289,290,3306,3,2,1,1918,Downtown,Good,Yes
188,189,3419,5,1,1,1931,Rural,Poor,Yes
701,702,2475,2,4,1,1998,Rural,Excellent,Yes
1814,1815,3583,1,4,1,1959,Urban,Poor,No
1137,1138,3269,4,4,1,1908,Rural,Poor,Yes
354,355,4545,2,2,2,2012,Rural,Fair,No
416,417,1175,2,2,3,1963,Urban,Excellent,Yes
1245,1246,4536,4,4,2,1951,Suburban,Good,No
930,931,3889,4,3,2,1927,Urban,Fair,Yes
196,197,2549,5,4,3,1989,Suburban,Excellent,No
579,580,4678,5,1,1,1912,Downtown,Good,Yes
1134,1135,4459,2,2,2,1956,Downtown,Good,Yes
1813,1814,3459,5,2,2,1909,Suburban,Excellent,No
1934,1935,1400,3,3,1,2019,Urban,Good,No
433,434,1095,3,4,2,1990,Rural,Fair,No
100,101,706,1,3,1,2000,Urban,Fair,Yes
1654,1655,1416,4,2,2,1990,Urban,Excellent,No
394,395,4469,1,4,3,2016,Suburban,Poor,No
1938,1939,2885,5,3,2,1990,Urban,Poor,No
220,221,4277,4,4,3,1963,Urban,Poor,Yes
1675,1676,3864,2,2,3,1976,Suburban,Good,Yes
1497,1498,2882,3,2,3,1946,Rural,Excellent,Yes
1784,1785,3323,5,4,3,2005,Suburban,Good,Yes
344,345,4570,3,3,2,1915,Suburban,Fair,No
1027,1028,2574,3,4,3,2007,Rural,Poor,Yes
888,889,4521,3,3,3,1995,Downtown,Fair,Yes
1350,1351,4098,3,3,1,2023,Rural,Poor,No
552,553,4985,1,2,1,2002,Downtown,Excellent,Yes
743,744,2073,5,1,3,1908,Suburban,Good,Yes
1541,1542,3874,1,3,3,1924,Rural,Excellent,Yes
538,539,1645,1,1,1,1936,Rural,Fair,No
906,907,4620,2,2,1,1971,Suburban,Poor,Yes
1394,1395,1889,4,3,1,2015,Suburban,Excellent,Yes
115,116,2097,3,4,2,1931,Downtown,Fair,No
829,830,2357,3,2,3,1928,Rural,Fair,Yes
1937,1938,741,4,4,3,1951,Rural,Good,Yes
808,809,4187,5,3,2,1952,Suburban,Poor,No
1310,1311,2853,1,4,1,2000,Urban,Excellent,No
1004,1005,3099,1,2,3,1997,Suburban,Good,No
305,306,1353,5,1,1,1928,Rural,Fair,Yes
1100,1101,4142,2,2,2,2022,Downtown,Excellent,Yes
479,480,1010,3,3,2,1925,Urban,Excellent,Yes
1423,1424,2669,3,4,3,1922,Urban,Poor,No
1075,1076,4703,1,3,1,1984,Urban,Good,Yes
570,571,1010,4,1,3,1925,Rural,Fair,Yes
618,619,3972,3,2,1,2005,Urban,Excellent,Yes
1897,1898,3210,2,3,1,1974,Downtown,Good,Yes
1265,1266,2216,4,3,1,2011,Downtown,Good,No
78,79,3195,5,3,2,1977,Urban,Fair,No
1911,1912,1108,3,4,1,1902,Downtown,Poor,No
32,33,4390,1,1,1,2020,Rural,Poor,No
1537,1538,4856,5,3,2,1936,Suburban,Excellent,Yes
1033,1034,2208,5,2,2,1982,Suburban,Good,Yes
1562,1563,2079,2,4,2,1922,Suburban,Excellent,Yes
351,352,4006,5,4,3,2012,Downtown,Good,No
163,164,2827,4,2,1,1919,Suburban,Excellent,No
203,204,2755,5,4,3,1902,Urban,Good,Yes
1053,1054,1833,3,4,1,1940,Suburban,Good,Yes
1364,1365,1019,3,3,1,1907,Downtown,Fair,No
1966,1967,4397,2,1,2,2010,Downtown,Poor,Yes
495,496,1743,5,2,3,1920,Suburban,Poor,Yes
1624,1625,4173,5,1,1,1969,Rural,Fair,No
1965,1966,741,2,4,3,1947,Downtown,Excellent,No
1962,1963,1071,3,3,3,1972,Suburban,Poor,Yes
610,611,1831,1,1,2,1983,Downtown,Excellent,No
432,433,4452,2,3,3,1900,Urban,Good,Yes
1491,1492,3953,3,4,3,1910,Suburban,Excellent,No
218,219,3461,1,3,1,1940,Suburban,Excellent,No
1930,1931,4216,5,3,1,2005,Downtown,Excellent,Yes
1465,1466,3927,1,4,3,2022,Suburban,Poor,Yes
630,631,1260,5,4,2,1986,Downtown,Fair,No
1381,1382,1020,3,1,1,1941,Downtown,Fair,Yes
1301,1302,777,3,4,3,2011,Downtown,Poor,No
59,60,661,4,4,2,1921,Downtown,Excellent,No
298,299,4347,5,4,1,1995,Urban,Excellent,No
1710,1711,4030,4,3,1,1921,Downtown,Poor,No
73,74,2562,5,3,3,1959,Suburban,Excellent,No
162,163,4889,2,2,1,1957,Rural,Good,Yes
1274,1275,4008,4,4,1,2018,Suburban,Excellent,No
1593,1594,1708,2,3,1,1936,Urban,Excellent,Yes
1433,1434,2556,1,3,2,1907,Urban,Fair,No
1612,1613,3985,5,3,3,2020,Urban,Good,Yes
591,592,4462,3,4,3,1921,Suburban,Good,No
316,317,3624,4,4,3,1922,Suburban,Excellent,No
45,46,3056,5,1,1,2015,Urban,Good,Yes
1719,1720,2298,2,3,3,1926,Urban,Fair,No
1831,1832,3007,1,3,3,1937,Downtown,Fair,No
427,428,4351,4,2,1,1910,Rural,Excellent,No
581,582,4646,2,4,3,1911,Urban,Excellent,No
76,77,3068,3,2,3,1972,Rural,Excellent,No
1916,1917,1319,4,2,1,1913,Urban,Poor,No
1414,1415,501,1,1,1,1955,Suburban,Poor,No
780,781,3891,1,4,1,1935,Downtown,Good,Yes
1919,1920,919,1,2,3,1941,Downtown,Excellent,Yes
1173,1174,645,2,3,1,1933,Downtown,Poor,No
1319,1320,3604,4,1,3,1988,Urban,Fair,Yes
937,938,3995,3,3,1,1969,Downtown,Excellent,Yes
30,31,3702,1,4,2,1953,Suburban,Poor,No
1091,1092,715,1,3,1,1901,Suburban,Excellent,No
1615,1616,802,5,1,1,1969,Suburban,Fair,No
1229,1230,1855,4,3,3,2003,Downtown,Good,No
974,975,1274,4,4,2,1992,Rural,Excellent,Yes
1084,1085,3504,1,3,3,1921,Downtown,Excellent,Yes
514,515,2352,1,1,2,1975,Urban,Fair,No
1550,1551,3932,1,3,2,2021,Rural,Fair,Yes
1567,1568,1119,3,3,3,1987,Urban,Excellent,No
1810,1811,2993,3,4,3,1930,Downtown,Poor,No
1573,1574,1468,2,2,1,1974,Urban,Excellent,Yes
44,45,1978,1,4,2,2008,Suburban,Good,Yes
1686,1687,906,2,2,2,1955,Urban,Excellent,Yes
168,169,1108,3,1,1,2001,Suburban,Fair,Yes
303,304,3274,2,4,1,1949,Downtown,Fair,No
990,991,1304,2,3,1,1990,Downtown,Poor,Yes
555,556,2444,4,4,3,1957,Suburban,Fair,Yes
1924,1925,2544,5,2,2,1931,Rural,Poor,Yes
607,608,1858,1,2,2,1971,Rural,Poor,No
1618,1619,2363,2,1,3,2006,Downtown,Poor,No
757,758,2119,4,4,1,1944,Rural,Good,Yes
438,439,895,3,4,3,1911,Rural,Good,Yes
582,583,1216,3,2,1,1947,Rural,Poor,No
1518,1519,2840,1,3,1,1971,Rural,Excellent,No
527,528,4137,4,1,2,1968,Urban,Poor,No
342,343,4172,5,1,2,1929,Rural,Poor,Yes
1736,1737,4183,5,4,2,1992,Urban,Poor,Yes
367,368,3751,4,3,2,1916,Urban,Poor,Yes
185,186,3476,2,1,2,1944,Rural,Excellent,No
1116,1117,1326,2,1,2,1996,Downtown,Excellent,No
1754,1755,3137,2,1,3,1969,Rural,Good,Yes
1425,1426,3541,2,4,2,1957,Downtown,Good,Yes
300,301,3201,1,4,2,1926,Suburban,Fair,No
1903,1904,2630,4,1,1,1980,Downtown,Good,No
832,833,3353,4,2,3,1925,Rural,Poor,No
543,544,3279,1,1,2,1910,Downtown,Excellent,No
1600,1601,1391,3,4,3,2001,Downtown,Poor,Yes
350,351,2179,4,1,1,1964,Rural,Poor,Yes
1932,1933,2793,4,3,2,1980,Suburban,Good,No
1510,1511,3414,5,1,3,1981,Urban,Excellent,No
978,979,4195,3,4,1,1981,Rural,Good,Yes
175,176,1159,4,2,1,1951,Suburban,Good,No
482,483,1655,4,1,1,2021,Suburban,Excellent,No
1412,1413,1435,2,4,3,2006,Downtown,Excellent,Yes
1610,1611,4373,1,3,1,1925,Downtown,Poor,No
123,124,2538,4,3,1,1948,Rural,Fair,Yes
599,600,3314,1,2,3,1952,Rural,Good,Yes
1794,1795,3161,2,3,3,1941,Suburban,Good,No
1745,1746,1130,3,3,3,1963,Suburban,Excellent,No
1378,1379,4465,5,4,3,1978,Downtown,Good,Yes
1185,1186,1438,5,2,2,1908,Urban,Poor,No
485,486,3986,2,1,1,1947,Suburban,Good,Yes
331,332,1240,4,4,3,1978,Urban,Fair,Yes
788,789,577,4,4,1,1924,Suburban,Good,Yes
194,195,1516,5,3,1,1928,Rural,Good,No
637,638,3766,2,4,3,1914,Suburban,Excellent,Yes
471,472,3736,1,2,1,1901,Suburban,Fair,Yes
1713,1714,4154,2,3,1,1990,Urban,Poor,No
322,323,4864,5,3,3,1904,Rural,Good,No
1196,1197,1324,2,2,1,1905,Downtown,Good,No
266,267,1480,5,3,1,1984,Downtown,Excellent,Yes
1543,1544,3581,4,3,2,2005,Suburban,Excellent,No
1803,1804,2368,3,3,3,1912,Downtown,Good,Yes
67,68,837,3,2,3,1928,Suburban,Fair,Yes
1737,1738,3773,1,1,3,1942,Suburban,Poor,Yes
1592,1593,4368,5,4,2,1976,Downtown,Fair,No
1563,1564,2703,2,3,3,1982,Rural,Good,No
480,481,4812,3,2,1,1928,Downtown,Excellent,No
1756,1757,940,5,2,3,1987,Suburban,Fair,Yes
1912,1913,2138,2,3,3,2015,Urban,Excellent,Yes
1440,1441,2213,1,3,1,1949,Urban,Fair,No
1460,1461,2060,4,2,1,1906,Suburban,Excellent,No
887,888,2354,3,1,3,2007,Suburban,Excellent,No
422,423,4579,4,1,3,1972,Suburban,Poor,Yes
1674,1675,4899,3,4,2,1920,Downtown,Fair,Yes
1449,1450,1399,1,2,2,1943,Downtown,Fair,No
764,765,3458,2,2,2,1913,Urban,Fair,Yes
519,520,3311,4,2,2,1945,Suburban,Good,No
1431,1432,1134,2,4,3,1921,Downtown,Poor,No
613,614,1858,1,3,1,2013,Rural,Good,No
1530,1531,3716,4,3,1,1970,Rural,Fair,Yes
1782,1783,4110,1,4,2,2017,Downtown,Excellent,No
1658,1659,4900,1,2,1,1992,Downtown,Fair,Yes
453,454,3116,4,3,2,1945,Urban,Poor,Yes
730,731,617,4,4,3,1949,Rural,Good,No
534,535,857,4,2,2,1932,Downtown,Excellent,Yes
965,966,1811,1,3,3,1970,Rural,Poor,No
1284,1285,794,3,2,2,2013,Downtown,Poor,Yes
1739,1740,3540,4,4,2,1939,Downtown,Poor,Yes
261,262,3670,5,2,2,1910,Downtown,Good,Yes
535,536,3519,5,1,3,1938,Urban,Good,Yes
968,969,4483,4,4,3,1933,Urban,Excellent,No
240,241,1062,3,3,1,1970,Downtown,Good,No
819,820,1422,3,4,1,1993,Urban,Good,Yes
692,693,2658,2,3,1,1972,Rural,Poor,Yes
420,421,3286,2,4,1,1981,Rural,Excellent,Yes
1085,1086,829,4,1,2,1902,Downtown,Excellent,Yes
1998,1999,4062,3,1,2,1936,Urban,Excellent,Yes
365,366,2570,3,3,2,1991,Rural,Fair,Yes
1022,1023,540,2,4,1,1906,Urban,Excellent,Yes
1240,1241,536,1,4,1,1930,Urban,Fair,Yes
588,589,1173,5,3,3,1993,Urban,Fair,Yes
736,737,1641,4,2,1,1940,Suburban,Fair,Yes
1761,1762,4406,5,3,2,1926,Rural,Poor,No
941,942,4789,2,4,3,1926,Urban,Poor,No
71,72,879,5,4,1,1916,Rural,Excellent,Yes
1407,1408,3436,4,2,2,1995,Downtown,Fair,No
259,260,4776,5,3,1,1999,Urban,Poor,No
51,52,2085,2,3,2,1935,Urban,Poor,Yes
198,199,3608,2,3,1,1929,Downtown,Fair,Yes
1788,1789,3561,5,4,3,1935,Urban,Good,No
650,651,3093,1,4,1,1906,Urban,Poor,Yes
332,333,616,1,4,2,1912,Rural,Fair,No
1359,1360,4110,2,4,1,1916,Suburban,Poor,Yes
593,594,2484,5,1,3,1976,Rural,Good,No
1391,1392,773,1,1,3,2021,Urban,Fair,Yes
1800,1801,1161,2,4,3,1951,Urban,Poor,Yes
1314,1315,1262,5,2,3,1953,Suburban,Fair,Yes
1111,1112,4930,3,2,2,1954,Rural,Good,No
1006,1007,736,3,2,3,1939,Downtown,Good,Yes
1326,1327,3856,4,3,3,1995,Urban,Poor,Yes
426,427,4632,3,3,3,1966,Urban,Fair,No
1558,1559,2712,5,4,2,1999,Suburban,Poor,Yes
1293,1294,4026,1,2,3,1919,Suburban,Fair,Yes
590,591,1270,1,1,3,1997,Downtown,Poor,No
1957,1958,4700,3,3,1,1917,Rural,Good,Yes
1976,1977,4426,1,3,3,2017,Rural,Good,No
1132,1133,4959,1,1,2,1916,Suburban,Good,Yes
985,986,4094,1,4,3,2017,Suburban,Good,No
398,399,3274,5,3,1,1978,Downtown,Excellent,No
1511,1512,4091,3,1,2,1952,Suburban,Poor,No
436,437,4992,5,2,2,1928,Downtown,Good,No
192,193,762,1,2,2,2013,Urban,Fair,No
1435,1436,2770,4,3,1,1919,Rural,Fair,Yes
614,615,3677,1,4,3,2015,Downtown,Good,No
1493,1494,2212,1,2,3,1969,Rural,Excellent,No
576,577,1960,1,3,2,1900,Downtown,Excellent,Yes
986,987,1909,4,3,2,2008,Rural,Fair,Yes
1432,1433,2425,1,2,3,1963,Suburban,Excellent,No
706,707,1812,5,4,1,1924,Suburban,Poor,Yes
1258,1259,4811,5,4,2,1911,Rural,Poor,No
141,142,1791,2,3,3,1992,Urban,Poor,No
1357,1358,2309,2,2,3,1919,Downtown,Poor,Yes
2,3,3592,2,2,3,1938,Downtown,Good,No
1221,1222,2433,4,2,1,2017,Downtown,Fair,No
1869,1870,1292,5,1,1,1921,Downtown,Poor,Yes
1622,1623,1827,1,3,3,1967,Downtown,Fair,Yes
339,340,1012,2,2,1,1917,Urban,Fair,Yes
1769,1770,3101,1,1,3,1949,Rural,Excellent,Yes
1536,1537,1752,3,2,3,1920,Suburban,Good,Yes
483,484,2327,1,4,1,1977,Downtown,Excellent,No
265,266,2800,2,2,3,1917,Rural,Fair,Yes
376,377,835,4,2,2,1905,Rural,Fair,Yes
741,742,2548,1,1,3,1924,Suburban,Fair,Yes
1013,1014,2576,2,4,1,1952,Urban,Poor,Yes
439,440,4671,3,2,3,1976,Rural,Fair,No
271,272,627,5,2,2,1943,Downtown,Fair,Yes
184,185,988,5,1,2,1930,Rural,Poor,Yes
939,940,1268,1,4,1,1987,Suburban,Good,Yes
244,245,1459,3,2,1,1966,Downtown,Poor,Yes
931,932,2579,5,3,1,1913,Suburban,Fair,Yes
445,446,4077,2,4,3,1947,Urban,Good,No
596,597,888,5,4,2,1953,Downtown,Excellent,Yes
817,818,977,5,4,1,2002,Rural,Excellent,No
1272,1273,3308,4,4,3,1976,Rural,Fair,No
1676,1677,3522,1,3,1,2017,Rural,Good,No
486,487,2310,1,1,2,1964,Rural,Excellent,No
680,681,1213,5,3,2,1952,Rural,Good,No
415,416,3308,5,3,1,1947,Rural,Excellent,No
273,274,2316,1,4,3,1952,Downtown,Excellent,Yes
1471,1472,806,2,4,1,2007,Suburban,Good,No
1829,1830,1512,5,2,2,1991,Rural,Fair,Yes
1454,1455,1394,2,4,3,2012,Urban,Good,No
250,251,2705,3,4,3,1952,Rural,Fair,Yes
413,414,1228,4,2,3,1969,Downtown,Excellent,Yes
1385,1386,1083,5,4,2,1988,Urban,Poor,No
1307,1308,3252,1,3,1,1984,Rural,Fair,Yes
715,716,2897,1,4,3,1989,Downtown,Good,No
310,311,3761,3,2,3,1982,Downtown,Excellent,No
926,927,2762,4,4,2,1980,Suburban,Poor,No
381,382,2431,5,4,3,1913,Downtown,Excellent,Yes
1565,1566,2242,1,3,2,2000,Suburban,Poor,Yes
425,426,2187,5,2,2,1904,Urban,Fair,No
1874,1875,3446,5,4,2,1996,Rural,Fair,Yes
532,533,3283,5,3,1,1987,Urban,Fair,No
752,753,760,5,1,3,1996,Urban,Good,No
765,766,2538,3,1,2,2021,Suburban,Poor,No
1356,1357,1291,4,3,2,2013,Urban,Fair,Yes
408,409,3767,4,2,3,2001,Downtown,Poor,No
1614,1615,4219,3,3,2,1982,Rural,Poor,No
694,695,1993,5,4,3,1931,Downtown,Good,Yes
1738,1739,645,2,3,2,1916,Downtown,Excellent,Yes
548,549,1424,1,1,1,2004,Downtown,Good,Yes
936,937,785,3,3,3,2009,Downtown,Good,No
1389,1390,4667,5,1,2,1995,Suburban,Fair,No
1607,1608,2018,1,4,2,1987,Downtown,Poor,Yes
1939,1940,4768,2,3,1,1908,Rural,Excellent,No
1481,1482,852,1,3,1,1990,Suburban,Good,No
182,183,2234,1,2,1,2017,Rural,Fair,No
1940,1941,1171,1,1,2,1921,Urban,Excellent,No
1160,1161,2924,4,2,3,1907,Rural,Fair,Yes
170,171,1647,4,3,1,1967,Rural,Good,No
292,293,2955,1,1,2,1978,Suburban,Good,Yes
561,562,4969,5,3,2,1919,Downtown,Good,Yes
1456,1457,4609,1,2,3,1961,Rural,Good,No
1876,1877,2460,3,2,1,1913,Suburban,Fair,No
1651,1652,3647,3,2,3,2004,Urban,Fair,No
849,850,3097,4,4,1,1965,Suburban,Excellent,Yes
272,273,2565,4,4,1,1921,Urban,Fair,No
1549,1550,3391,2,1,1,1970,Rural,Excellent,Yes
1034,1035,3972,5,3,1,2011,Suburban,Good,Yes
1743,1744,3679,5,1,3,1986,Rural,Excellent,Yes
371,372,3316,3,1,2,1957,Rural,Poor,Yes
1669,1670,3363,3,1,3,1904,Urban,Poor,No
721,722,1563,4,2,3,1915,Suburban,Poor,No
733,734,4789,2,1,2,2011,Rural,Good,Yes
777,778,3135,4,4,1,1916,Suburban,Excellent,Yes
518,519,4798,3,2,2,2019,Rural,Good,Yes
334,335,1650,4,4,3,1932,Rural,Fair,No
845,846,2616,3,4,1,2014,Rural,Fair,Yes
1251,1252,3245,2,1,2,1955,Downtown,Excellent,Yes
1052,1053,1750,1,4,3,1981,Downtown,Fair,Yes
1923,1924,1267,2,2,2,1941,Suburban,Poor,No
15,16,4617,1,4,2,1931,Downtown,Poor,No
707,708,1960,2,1,1,1967,Downtown,Poor,Yes
900,901,3781,2,1,2,1934,Urban,Poor,No
1979,1980,1531,5,3,3,1963,Rural,Poor,No
1572,1573,2881,2,2,2,1970,Suburban,Fair,Yes
903,904,4100,1,1,1,1957,Downtown,Excellent,Yes
465,466,2042,1,1,2,1973,Suburban,Good,No
1977,1978,1355,5,4,2,1936,Downtown,Poor,No
199,200,4590,3,2,1,1908,Suburban,Excellent,Yes
1206,1207,3670,2,3,2,1907,Downtown,Excellent,No
1055,1056,4650,3,4,2,1944,Downtown,Poor,Yes
1131,1132,4778,5,3,2,1968,Rural,Excellent,Yes
1379,1380,2375,2,2,3,1972,Rural,Poor,Yes
998,999,4723,4,3,2,2002,Rural,Poor,No
727,728,4670,5,3,1,1934,Downtown,Excellent,No
1771,1772,4631,5,2,1,2004,Downtown,Fair,Yes
1909,1910,1382,3,2,1,1928,Suburban,Poor,Yes
1821,1822,2040,1,3,1,1969,Urban,Excellent,No
567,568,4500,4,3,2,1901,Rural,Excellent,Yes
43,44,1863,3,3,1,2006,Urban,Excellent,No
274,275,1069,5,3,3,1958,Rural,Poor,No
1096,1097,2250,5,3,1,2022,Downtown,Good,No
101,102,1984,5,4,1,1981,Downtown,Fair,Yes
1231,1232,4635,4,4,2,1955,Downtown,Fair,No
1721,1722,1908,2,4,2,1977,Downtown,Excellent,No
1832,1833,2023,5,1,2,1946,Urban,Good,No
107,108,2178,2,1,2,1913,Suburban,Excellent,No
1617,1618,1486,4,4,1,1928,Suburban,Fair,No
497,498,1581,3,2,1,1964,Suburban,Poor,No
1980,1981,3771,2,2,1,1989,Suburban,Fair,No
881,882,3917,5,2,2,1982,Rural,Poor,No
756,757,4213,5,2,3,1969,Downtown,Good,No
619,620,3332,1,3,3,1938,Downtown,Good,Yes
1106,1107,4490,3,2,3,1992,Rural,Poor,Yes
1935,1936,3584,4,4,2,2002,Suburban,Excellent,Yes
809,810,2651,4,4,1,1991,Urban,Good,No
1037,1038,3181,3,4,3,2003,Suburban,Excellent,Yes
72,73,992,3,3,3,1979,Rural,Good,Yes
1283,1284,2047,5,1,3,1992,Rural,Fair,No
1271,1272,1325,2,1,2,2008,Rural,Poor,No
1334,1335,2323,2,3,2,1985,Suburban,Excellent,Yes
1458,1459,4095,1,2,3,1945,Downtown,Excellent,Yes
481,482,1824,3,2,2,1966,Urban,Excellent,No
1068,1069,560,3,2,2,2003,Suburban,Poor,No
506,507,1714,1,3,1,1927,Suburban,Poor,Yes
1237,1238,4633,4,4,1,1934,Suburban,Poor,No
1861,1862,3638,1,2,2,1984,Rural,Good,Yes
1989,1990,647,5,3,3,1919,Rural,Excellent,No
1476,1477,3420,3,1,3,1998,Rural,Poor,No
1866,1867,3478,4,2,1,1987,Downtown,Good,No
1455,1456,1014,3,2,2,2017,Suburban,Fair,No
311,312,1648,3,4,2,2000,Urban,Excellent,No
962,963,4175,3,1,2,1927,Downtown,Fair,Yes
405,406,614,2,1,3,1957,Suburban,Good,No
1330,1331,1386,3,3,1,1938,Downtown,Good,Yes
1649,1650,3272,3,3,3,1966,Rural,Excellent,Yes
309,310,1074,2,3,2,1932,Downtown,Poor,No
226,227,660,5,4,2,1981,Suburban,Excellent,No
1857,1858,3729,4,2,2,2019,Downtown,Poor,No
710,711,2233,2,3,3,1987,Downtown,Excellent,No
1943,1944,3542,2,1,2,1948,Rural,Fair,Yes
1383,1384,616,1,1,2,1911,Urban,Excellent,No
1785,1786,2235,5,2,3,1964,Suburban,Fair,Yes
148,149,1198,4,1,3,2002,Suburban,Good,No
1554,1555,1807,2,1,1,1911,Rural,Fair,No
1956,1957,3172,5,2,1,1921,Suburban,Fair,No
925,926,1489,2,4,1,1928,Rural,Poor,Yes
942,943,2661,4,2,1,1981,Urban,Excellent,Yes
836,837,2871,4,2,1,1914,Suburban,Poor,No
575,576,2168,1,4,2,1996,Downtown,Excellent,No
557,558,3371,5,2,1,1951,Urban,Good,Yes
1235,1236,1483,2,2,3,1911,Rural,Poor,Yes
1360,1361,2107,4,2,1,1979,Urban,Fair,Yes
1347,1348,2182,4,4,2,2011,Downtown,Good,No
1161,1162,4861,2,4,2,1938,Suburban,Fair,No
1442,1443,1607,1,1,2,1974,Urban,Good,Yes
286,287,1284,2,3,3,1919,Suburban,Excellent,Yes
1604,1605,628,2,4,1,1965,Rural,Excellent,Yes
1057,1058,2285,1,1,2,1924,Rural,Poor,No
598,599,2348,1,4,1,2023,Urban,Excellent,No
932,933,3217,5,3,3,1943,Urban,Excellent,No
1461,1462,1766,4,4,3,2017,Downtown,Fair,Yes
1637,1638,2167,2,3,1,1905,Urban,Good,No
1587,1588,2789,4,1,2,1974,Urban,Poor,Yes
1040,1041,3567,1,2,2,1906,Downtown,Poor,No
1230,1231,4765,1,3,2,1900,Suburban,Poor,Yes
806,807,4533,5,1,3,1982,Downtown,Fair,Yes
904,905,1454,3,3,2,1917,Downtown,Excellent,Yes
1679,1680,542,2,3,2,1988,Suburban,Excellent,No
1204,1205,1226,3,1,1,2010,Rural,Excellent,No
767,768,4177,5,1,3,1970,Rural,Excellent,No
609,610,2517,3,1,1,1949,Rural,Excellent,No
1992,1993,2450,1,3,3,2006,Urban,Good,Yes
1564,1565,1890,4,4,2,2005,Downtown,Fair,No
1422,1423,2209,1,4,1,1904,Downtown,Good,No
1010,1011,3041,4,1,3,2002,Suburban,Good,No
493,494,4022,4,1,1,1937,Rural,Fair,No
1320,1321,4499,1,4,2,2014,Rural,Poor,No
277,278,4363,2,3,2,2006,Rural,Good,Yes
1846,1847,1942,1,3,3,1997,Downtown,Good,Yes
358,359,3559,4,2,3,1937,Suburban,Excellent,No
1110,1111,4353,5,2,3,2007,Rural,Poor,Yes
236,237,3946,4,3,2,1988,Urban,Fair,No
551,552,3824,4,4,2,1901,Suburban,Poor,No
1867,1868,4861,3,1,3,1967,Urban,Good,Yes
1812,1813,2602,3,1,2,2004,Downtown,Poor,No
208,209,4491,2,4,3,1912,Rural,Excellent,Yes
1386,1387,894,4,2,1,2002,Suburban,Poor,No
1560,1561,4068,1,1,2,1956,Urban,Excellent,No
58,59,2000,1,4,3,1917,Suburban,Fair,Yes
631,632,3945,5,2,2,1949,Downtown,Excellent,Yes
1961,1962,924,4,3,3,1938,Urban,Excellent,Yes
1859,1860,4573,4,4,2,1982,Downtown,Good,No
1816,1817,4219,1,1,1,2001,Downtown,Excellent,Yes
363,364,2257,3,3,3,1940,Urban,Fair,No
505,506,1004,4,2,1,1999,Rural,Good,No
1165,1166,4984,5,3,3,1945,Downtown,Poor,Yes
1121,1122,3542,4,2,1,2008,Downtown,Fair,Yes
1629,1630,3732,3,4,1,1991,Urban,Fair,Yes
1216,1217,4569,3,1,1,1948,Downtown,Good,Yes
1151,1152,1313,3,2,1,1961,Urban,Good,No
1124,1125,4061,3,3,2,1926,Urban,Good,Yes
1594,1595,3749,3,1,2,1980,Suburban,Fair,Yes
118,119,4127,5,2,2,1980,Urban,Excellent,No
1249,1250,2896,3,3,2,1992,Rural,Poor,Yes
1993,1994,865,4,4,2,2020,Rural,Poor,No
522,523,1756,1,2,1,1929,Suburban,Fair,Yes
513,514,4127,3,1,1,1902,Suburban,Poor,Yes
81,82,4974,5,1,2,1901,Suburban,Fair,No
915,916,3932,5,4,2,1977,Downtown,Good,No
1018,1019,574,4,3,2,1981,Downtown,Fair,No
380,381,2187,5,1,2,1998,Downtown,Fair,No
1029,1030,4763,2,3,1,2010,Downtown,Poor,No
1688,1689,4931,3,4,1,1980,Downtown,Poor,No
84,85,3599,1,3,1,2009,Urban,Good,No
1677,1678,3871,3,4,2,2000,Rural,Fair,No
329,330,4175,1,2,3,1904,Urban,Good,Yes
6,7,3671,1,1,2,1948,Rural,Poor,Yes
745,746,2417,4,2,2,1952,Rural,Good,Yes
1553,1554,1075,5,1,1,1972,Urban,Poor,Yes
914,915,1466,1,3,3,1985,Downtown,Good,No
873,874,4646,2,2,3,1927,Urban,Poor,No
451,452,3722,1,3,2,2018,Downtown,Excellent,Yes
490,491,1213,2,1,2,1989,Suburban,Excellent,Yes
1480,1481,4630,2,2,2,2007,Rural,Good,Yes
287,288,3675,4,4,3,2003,Rural,Poor,Yes
948,949,2401,4,1,3,1933,Urban,Poor,No
1985,1986,907,5,1,2,1932,Urban,Poor,No
1368,1369,4944,4,3,1,1992,Rural,Poor,Yes
1146,1147,2961,1,3,3,1983,Downtown,Fair,Yes
705,706,3948,1,3,3,1983,Urban,Good,No
1726,1727,4476,3,1,3,1962,Suburban,Excellent,Yes
1701,1702,2192,1,2,3,1988,Rural,Fair,No
1628,1629,1074,4,4,3,1960,Urban,Poor,Yes
1599,1600,3293,1,3,2,1970,Rural,Fair,Yes
1538,1539,2546,3,4,1,2015,Suburban,Fair,No
1405,1406,2076,4,1,1,1907,Downtown,Fair,No
1650,1651,4226,1,3,3,1981,Suburban,Poor,No
327,328,619,1,1,3,1948,Suburban,Poor,Yes
442,443,2319,4,2,3,1936,Urban,Fair,No
774,775,2408,4,3,2,1928,Suburban,Fair,Yes
1087,1088,4394,4,3,2,2004,Urban,Excellent,No
1220,1221,2876,3,3,3,1961,Urban,Poor,Yes
1635,1636,4181,2,2,2,1964,Rural,Excellent,No
177,178,1869,4,2,3,1907,Suburban,Excellent,No
1322,1323,3006,1,4,3,1946,Downtown,Poor,No
704,705,4312,5,3,3,1933,Suburban,Good,No
86,87,3604,5,4,3,1958,Suburban,Excellent,No
1883,1884,4179,1,3,1,1954,Downtown,Poor,No
1947,1948,3057,5,3,3,1952,Urban,Poor,Yes
457,458,3794,3,1,2,2017,Urban,Excellent,Yes
1828,1829,2266,2,2,3,2015,Rural,Excellent,Yes
54,55,1521,5,2,1,1981,Downtown,Fair,Yes
1501,1502,4890,3,1,1,1916,Downtown,Fair,Yes
643,644,2469,5,2,2,1979,Suburban,Poor,No
677,678,2406,3,4,1,1919,Suburban,Fair,No
221,222,3369,4,4,2,1930,Suburban,Fair,Yes
113,114,3125,1,4,3,2021,Downtown,Poor,No
982,983,4677,2,3,3,1923,Suburban,Fair,Yes
1228,1229,1718,4,1,2,1955,Urban,Excellent,Yes
999,1000,3268,1,2,2,1962,Rural,Poor,Yes
174,175,2294,4,4,2,1991,Suburban,Fair,No
781,782,3465,1,3,1,1957,Rural,Excellent,No
589,590,2665,5,1,2,1904,Rural,Poor,No
1559,1560,2852,4,3,1,1991,Suburban,Poor,Yes
18,19,1582,2,2,2,2013,Suburban,Good,No
423,424,2071,2,4,2,2015,Downtown,Good,Yes
1343,1344,1488,3,4,2,1975,Suburban,Excellent,Yes
285,286,4557,5,4,2,2014,Rural,Poor,Yes
1583,1584,1729,4,3,2,1974,Rural,Poor,No
428,429,3940,2,4,1,2020,Rural,Good,Yes
1509,1510,3458,1,4,2,1966,Rural,Poor,Yes
1318,1319,1406,2,4,2,1942,Downtown,Poor,Yes
669,670,2625,3,3,2,1916,Downtown,Good,No
31,32,4056,2,3,2,1935,Suburban,Excellent,Yes
940,941,3557,2,3,3,1905,Downtown,Excellent,No
722,723,4824,1,3,3,1998,Downtown,Good,Yes
994,995,1887,1,3,1,1948,Suburban,Excellent,Yes
214,215,3683,3,3,1,1908,Suburban,Fair,Yes
813,814,697,1,4,1,1910,Rural,Fair,Yes
326,327,2182,2,2,1,1968,Suburban,Excellent,Yes
560,561,2324,1,4,3,1992,Rural,Poor,No
1112,1113,1128,1,2,3,1971,Suburban,Poor,Yes
700,701,4014,3,4,2,1969,Downtown,Fair,Yes
1578,1579,1558,2,3,3,1930,Downtown,Good,No
1189,1190,510,3,1,1,1992,Rural,Good,Yes
341,342,1059,3,1,3,2016,Downtown,Poor,No
629,630,2406,4,2,3,2013,Rural,Excellent,No
147,148,3652,4,3,3,1943,Urban,Fair,No
1309,1310,3691,2,1,2,1930,Rural,Fair,Yes
360,361,2765,3,4,1,1987,Rural,Excellent,Yes
83,84,2778,2,2,1,1947,Downtown,Fair,Yes
48,49,534,1,3,2,1999,Downtown,Poor,Yes
468,469,3181,5,3,3,1931,Urban,Excellent,Yes
155,156,2233,5,4,1,1961,Rural,Excellent,No
772,773,2469,5,3,1,1958,Rural,Excellent,No
1239,1240,1413,5,2,1,1951,Rural,Good,No
1200,1201,3053,5,2,1,1912,Rural,Poor,Yes
1402,1403,1278,3,2,2,1968,Urban,Poor,No
1202,1203,2296,4,3,2,1919,Rural,Poor,No
1630,1631,3132,1,4,1,1929,Suburban,Excellent,Yes
500,501,1884,4,3,2,2005,Downtown,Excellent,Yes
1764,1765,3851,2,3,2,2008,Downtown,Excellent,No
179,180,646,1,3,1,1997,Suburban,Good,No
1047,1048,4350,5,3,1,1918,Downtown,Poor,No
1755,1756,1600,1,4,2,1999,Suburban,Good,Yes
950,951,4564,3,3,1,1946,Suburban,Fair,No
1316,1317,3007,5,2,3,1912,Suburban,Fair,No
1619,1620,4940,1,2,1,2002,Suburban,Good,Yes
528,529,3830,3,2,3,1998,Downtown,Excellent,No
346,347,1080,2,2,2,1938,Downtown,Poor,No
1387,1388,4288,5,4,3,1917,Rural,Excellent,No
1960,1961,892,2,3,1,1942,Urban,Fair,No
1050,1051,686,5,3,1,1947,Urban,Good,Yes
1972,1973,1275,1,2,2,2014,Downtown,Good,No
1441,1442,3889,1,4,1,1933,Rural,Excellent,Yes
601,602,3778,4,2,3,1930,Suburban,Good,No
1281,1282,1088,2,2,1,1912,Urban,Good,Yes
243,244,725,2,2,3,1954,Suburban,Excellent,Yes
1336,1337,3655,1,3,2,1980,Suburban,Good,Yes
1067,1068,1740,1,4,3,1926,Urban,Fair,No
1475,1476,811,1,1,1,1909,Downtown,Excellent,Yes
312,313,2215,1,2,3,1982,Downtown,Fair,Yes
435,436,1865,1,1,2,1962,Urban,Poor,Yes
1898,1899,2453,5,3,2,1950,Suburban,Good,Yes
1328,1329,538,2,4,2,1961,Downtown,Excellent,Yes
308,309,4269,3,4,3,1940,Urban,Good,No
430,431,2826,3,1,3,1967,Downtown,Fair,No
660,661,4932,2,4,3,1928,Urban,Good,No
370,371,2131,4,1,2,1928,Rural,Fair,Yes
566,567,4425,4,4,2,1924,Rural,Poor,Yes
979,980,3952,2,1,1,1977,Rural,Fair,Yes
181,182,3411,5,4,2,1904,Suburban,Fair,Yes
1362,1363,4176,5,3,3,2019,Urban,Poor,No
621,622,3531,3,3,2,1945,Rural,Fair,No
818,819,1754,2,4,2,1999,Downtown,Excellent,No
1192,1193,4064,4,4,2,1957,Urban,Excellent,Yes
952,953,2323,5,2,3,1974,Urban,Poor,Yes
1421,1422,589,5,2,3,1919,Downtown,Good,Yes
1840,1841,2996,1,4,2,2015,Rural,Poor,Yes
922,923,2292,3,2,1,1901,Downtown,Excellent,No
1073,1074,4069,5,3,3,1918,Suburban,Fair,Yes
296,297,4615,2,2,3,1926,Suburban,Fair,Yes
966,967,3691,2,2,3,1922,Urban,Excellent,No
461,462,1453,4,3,1,1941,Suburban,Excellent,Yes
1302,1303,2387,4,3,3,1913,Suburban,Poor,No
1176,1177,1204,1,3,1,2007,Urban,Excellent,Yes
377,378,1395,3,3,3,1925,Rural,Fair,No
798,799,4097,3,1,1,2023,Suburban,Good,No
1102,1103,988,4,4,3,1901,Rural,Excellent,No
105,106,4691,2,3,3,1928,Rural,Excellent,Yes
126,127,1806,2,1,3,1999,Downtown,Fair,No
1995,1996,4994,5,4,3,1923,Suburban,Poor,No
838,839,4256,3,4,2,1903,Urban,Fair,No
355,356,1743,2,1,1,1905,Urban,Excellent,No
1616,1617,4452,3,1,3,2006,Downtown,Poor,No
682,683,2476,5,4,1,1955,Urban,Poor,No
812,813,2470,3,4,2,1962,Downtown,Excellent,No
1680,1681,1443,2,3,3,1925,Rural,Good,No
209,210,2148,5,4,3,2002,Downtown,Good,No
1492,1493,1455,5,3,1,2001,Downtown,Poor,No
140,141,2353,5,3,1,1978,Downtown,Fair,No
1974,1975,2747,3,1,3,2002,Rural,Poor,No
1339,1340,4278,1,3,3,1932,Rural,Poor,No
1797,1798,2901,3,1,3,1970,Suburban,Good,Yes
1574,1575,1816,1,4,3,1930,Rural,Excellent,No
1181,1182,2541,5,4,3,1951,Suburban,Poor,No
1393,1394,4933,1,2,1,1942,Downtown,Poor,Yes
1815,1816,2431,1,4,2,1901,Rural,Excellent,No
711,712,2105,3,4,2,1984,Rural,Poor,No
1793,1794,3317,4,1,3,1911,Suburban,Excellent,Yes
892,893,701,2,1,2,1968,Downtown,Fair,Yes
859,860,3781,4,1,2,2017,Urban,Fair,Yes
10,11,1269,1,4,2,1947,Suburban,Poor,Yes
1694,1695,4919,3,1,3,2019,Downtown,Poor,Yes
1427,1428,1386,2,1,3,1992,Urban,Poor,No
282,283,654,1,4,1,1956,Suburban,Poor,Yes
810,811,4518,3,2,1,1998,Urban,Excellent,No
1341,1342,3953,4,1,1,1980,Rural,Fair,No
291,292,2341,1,4,1,1974,Downtown,Fair,No
754,755,2719,3,2,3,1900,Urban,Good,Yes
626,627,4638,1,2,2,1943,Downtown,Poor,No
943,944,3793,4,4,3,1987,Urban,Fair,No
861,862,2139,4,1,2,1998,Rural,Fair,Yes
129,130,1782,5,3,3,1961,Downtown,Poor,Yes
1175,1176,931,2,3,1,1978,Downtown,Good,No
323,324,4965,1,4,2,2005,Suburban,Excellent,No
1090,1091,4163,5,1,2,1947,Downtown,Poor,No
843,844,1293,4,4,3,1958,Urban,Poor,Yes
963,964,3554,1,4,2,2003,Downtown,Good,Yes
1864,1865,4994,1,2,2,1986,Suburban,Fair,Yes
865,866,4951,3,1,2,1962,Rural,Fair,Yes
921,922,4922,4,2,2,1965,Downtown,Poor,No
695,696,4507,1,2,2,1960,Rural,Poor,Yes
215,216,3057,1,3,1,1901,Suburban,Good,Yes
1780,1781,3064,4,1,3,2001,Rural,Poor,Yes
1261,1262,2639,1,4,2,1954,Downtown,Good,Yes
158,159,3755,5,2,1,2001,Suburban,Fair,Yes
1058,1059,1250,4,3,3,2015,Urban,Fair,Yes
988,989,4991,1,3,2,1971,Urban,Poor,Yes
841,842,3174,3,3,2,1937,Urban,Good,No
634,635,3447,5,1,3,2022,Urban,Fair,No
516,517,3433,1,3,3,1975,Suburban,Good,No
1428,1429,927,1,3,1,1979,Urban,Good,Yes
1747,1748,4003,4,4,3,1956,Urban,Poor,No
597,598,3537,5,3,1,1902,Rural,Fair,No
195,196,4143,3,4,1,1902,Rural,Good,No
1783,1784,4755,1,1,2,1998,Downtown,Poor,No
869,870,3677,1,3,2,1952,Downtown,Poor,Yes
410,411,2016,3,1,1,2005,Downtown,Poor,No
96,97,1002,5,1,3,2014,Rural,Fair,Yes
1000,1001,4453,5,1,2,1946,Downtown,Excellent,No
1505,1506,1769,4,3,2,1975,Urban,Good,No
156,157,4010,4,2,1,2005,Rural,Excellent,No
419,420,3467,4,3,3,1966,Downtown,Poor,Yes
1802,1803,4119,4,4,3,1932,Suburban,Fair,No
477,478,999,4,1,1,2014,Suburban,Fair,No
1855,1856,1093,3,1,1,1964,Downtown,Poor,Yes
668,669,4623,3,1,1,1920,Urban,Fair,Yes
1417,1418,2449,1,1,2,2016,Suburban,Excellent,No
1871,1872,594,3,1,2,1981,Downtown,Good,Yes
1299,1300,1745,5,2,3,1971,Urban,Poor,No
447,448,3640,4,1,2,1998,Urban,Good,Yes
553,554,755,3,1,1,2000,Urban,Excellent,Yes
178,179,2486,3,2,1,1943,Suburban,Fair,No
390,391,4880,1,1,1,1912,Suburban,Poor,Yes
578,579,3224,1,4,2,1904,Urban,Fair,Yes
1477,1478,1582,3,4,2,1983,Suburban,Poor,No
1706,1707,3136,5,4,2,1985,Downtown,Fair,No
1287,1288,2190,3,1,2,1926,Downtown,Poor,No
1644,1645,4212,5,4,2,1976,Rural,Poor,No
1023,1024,2581,2,2,2,2001,Urban,Excellent,No
820,821,919,4,3,1,1986,Urban,Good,No
1824,1825,2868,2,1,2,1962,Downtown,Excellent,Yes
984,985,2420,3,4,1,2005,Downtown,Fair,No
1338,1339,4030,5,4,1,1990,Urban,Excellent,Yes
664,665,802,5,2,3,1978,Suburban,Poor,No
142,143,4081,4,1,3,1903,Downtown,Poor,No
1516,1517,501,4,1,3,1905,Rural,Good,No
1429,1430,2395,1,4,2,1953,Downtown,Fair,No
864,865,4031,3,3,2,1910,Suburban,Good,No
421,422,1622,5,1,3,2002,Suburban,Good,No
636,637,780,5,4,2,2013,Downtown,Fair,No
1406,1407,2948,3,4,1,1988,Rural,Poor,No
799,800,4262,3,3,2,1998,Suburban,Excellent,Yes
1403,1404,713,4,3,2,1981,Downtown,Poor,No
615,616,2628,1,1,1,1975,Suburban,Fair,No
294,295,3450,2,4,3,1982,Rural,Poor,Yes
923,924,2259,2,1,2,1914,Urban,Excellent,No
1268,1269,4238,4,4,3,1972,Urban,Fair,No
1902,1903,956,3,2,1,1936,Urban,Good,No
88,89,4145,1,1,2,1998,Urban,Good,Yes
41,42,3324,5,3,3,1921,Downtown,Good,No
1801,1802,4383,2,1,3,1930,Suburban,Fair,Yes
1933,1934,3208,5,2,2,1929,Urban,Poor,No
131,132,4913,4,2,3,1928,Urban,Poor,No
1001,1002,3686,4,1,1,1925,Urban,Fair,No
1157,1158,4011,4,3,1,1921,Suburban,Good,No
1094,1095,3208,5,4,2,1905,Rural,Fair,No
1854,1855,3225,5,2,3,1910,Downtown,Excellent,Yes
1344,1345,4616,3,4,2,2011,Rural,Good,No
1498,1499,1941,3,4,3,1933,Downtown,Fair,No
164,165,3431,1,2,1,1957,Suburban,Fair,Yes
724,725,1419,4,2,2,1915,Urban,Poor,No
290,291,1037,1,4,3,1904,Downtown,Good,Yes
1208,1209,2096,2,2,2,1972,Urban,Good,Yes
1588,1589,1739,3,4,2,1928,Rural,Excellent,No
1896,1897,3701,3,2,1,2012,Urban,Excellent,No
1641,1642,1500,3,4,2,1910,Downtown,Fair,No
1361,1362,1484,5,3,1,1918,Rural,Poor,Yes
778,779,2070,2,3,3,1913,Suburban,Fair,No
839,840,4725,5,3,2,1985,Suburban,Poor,Yes
348,349,3647,4,3,3,1925,Suburban,Poor,No
1944,1945,2942,4,2,2,1900,Suburban,Good,No
571,572,884,2,2,2,1969,Downtown,Fair,Yes
917,918,4743,5,2,3,1911,Urban,Excellent,No
976,977,3656,4,2,2,1927,Suburban,Fair,No
1913,1914,2648,1,2,1,1909,Urban,Poor,Yes
1468,1469,4202,1,3,3,1933,Downtown,Fair,No
1591,1592,4812,2,1,2,1938,Urban,Excellent,No
1317,1318,528,3,4,3,1927,Rural,Excellent,No
1844,1845,4906,5,2,2,2003,Urban,Good,Yes
136,137,4243,1,4,3,1905,Downtown,Fair,No
458,459,1656,1,3,2,1914,Rural,Poor,Yes
375,376,3339,1,4,1,2017,Rural,Poor,No
1342,1343,4011,5,3,3,1941,Urban,Excellent,Yes
333,334,3338,2,2,1,1927,Rural,Fair,Yes
1159,1160,1762,4,4,2,1947,Downtown,Fair,Yes
1760,1761,4229,1,4,3,1922,Downtown,Good,Yes
1457,1458,2634,5,4,2,1922,Rural,Fair,No
816,817,2535,3,3,1,2011,Suburban,Good,Yes
1114,1115,3430,2,3,2,2017,Downtown,Poor,Yes
1005,1006,4533,3,2,1,1906,Suburban,Poor,No
1856,1857,2326,2,2,2,1933,Suburban,Fair,No
1954,1955,3101,3,3,1,1908,Suburban,Poor,No
1850,1851,743,3,3,3,1937,Urban,Fair,Yes
910,911,4658,1,2,3,1942,Urban,Good,No
1929,1930,3145,3,3,3,2021,Downtown,Poor,Yes
1125,1126,1114,5,3,1,1900,Downtown,Good,No
328,329,1330,2,4,1,1925,Downtown,Fair,No
1247,1248,1824,3,1,1,1906,Suburban,Excellent,Yes
318,319,504,5,2,1,1925,Downtown,Fair,No
1689,1690,2338,3,3,3,1920,Rural,Good,Yes
1358,1359,2755,4,3,3,1915,Rural,Good,No
1732,1733,1572,1,2,2,1977,Suburban,Good,No
167,168,4082,3,4,2,1956,Downtown,Fair,Yes
12,13,2933,4,3,2,1901,Downtown,Poor,No
1926,1927,3529,2,3,1,2014,Downtown,Poor,Yes
171,172,4782,5,3,2,2018,Suburban,Excellent,No
649,650,3617,4,1,1,1917,Rural,Fair,Yes
1061,1062,4960,2,2,1,1924,Urban,Fair,Yes
260,261,1106,2,2,1,1965,Urban,Poor,Yes
1366,1367,1550,1,3,1,1937,Rural,Excellent,No
1548,1549,2493,2,3,3,1996,Rural,Excellent,No
901,902,974,1,2,2,2000,Urban,Fair,Yes
672,673,2146,2,4,3,2006,Urban,Excellent,Yes
258,259,801,1,2,2,2012,Rural,Poor,Yes
844,845,2334,5,1,2,1989,Suburban,Good,Yes
867,868,4376,3,4,1,1975,Rural,Fair,Yes
1799,1800,4711,3,3,3,1935,Urban,Fair,Yes
138,139,3804,5,3,1,1941,Rural,Excellent,No
893,894,4007,5,1,2,1903,Downtown,Fair,No
1837,1838,2908,5,3,1,1914,Urban,Good,Yes
549,550,3456,5,3,1,1926,Urban,Excellent,No
319,320,1376,4,2,3,1995,Suburban,Poor,Yes
1526,1527,2778,1,3,2,2012,Downtown,Excellent,No
1805,1806,3874,2,2,1,1940,Urban,Fair,Yes
1177,1178,3132,2,3,1,1916,Suburban,Good,Yes
558,559,1297,3,3,2,1944,Urban,Poor,No
139,140,4263,3,1,1,1928,Urban,Excellent,No
1734,1735,1816,5,3,1,1927,Urban,Good,No
531,532,1853,5,1,1,1965,Urban,Good,Yes
224,225,1456,1,3,1,1901,Downtown,Good,No
723,724,3095,2,3,1,2021,Suburban,Excellent,Yes
786,787,1814,1,2,1,2017,Suburban,Poor,Yes
1717,1718,1975,4,3,3,1989,Suburban,Fair,Yes
1007,1008,1804,1,2,1,1991,Urban,Good,Yes
409,410,1325,1,3,2,1902,Suburban,Fair,Yes
325,326,2193,4,4,2,2016,Rural,Fair,Yes
1765,1766,2849,1,2,1,1936,Rural,Fair,Yes
299,300,4995,2,1,3,1925,Urban,Good,No
1262,1263,2204,3,1,1,2002,Downtown,Excellent,No
1945,1946,2855,2,4,2,1972,Urban,Good,No
25,26,3234,5,4,2,1959,Urban,Good,Yes
1858,1859,3787,1,4,3,1900,Suburban,Good,Yes
714,715,4017,4,3,2,1915,Downtown,Excellent,No
1009,1010,1801,2,1,2,1961,Rural,Excellent,No
193,194,1123,3,2,1,1975,Downtown,Poor,Yes
440,441,4860,3,4,2,1940,Suburban,Poor,No
573,574,2500,3,1,3,2020,Urban,Poor,Yes
946,947,4650,2,4,2,1923,Rural,Fair,Yes
997,998,2606,5,3,1,1971,Urban,Good,No
503,504,2496,5,4,3,2018,Downtown,Fair,No
605,606,2650,5,4,3,2017,Downtown,Good,Yes
1716,1717,535,5,1,2,1904,Downtown,Excellent,No
1163,1164,3930,2,1,3,1934,Suburban,Fair,Yes
1786,1787,2085,5,4,1,1959,Downtown,Poor,No
846,847,4606,4,1,2,1974,Downtown,Good,No
3,4,966,4,2,2,1902,Suburban,Fair,Yes
1286,1287,3617,5,4,3,1959,Urban,Fair,Yes
1222,1223,1880,1,4,3,1935,Suburban,Good,No
467,468,3493,4,1,1,1963,Urban,Good,Yes
321,322,4642,3,3,3,1971,Suburban,Excellent,Yes
5,6,3944,1,2,1,1906,Urban,Poor,No
222,223,3734,1,3,2,2007,Urban,Good,No
1374,1375,1026,3,2,3,1959,Rural,Good,No
547,548,3279,2,3,2,2003,Rural,Fair,Yes
228,229,1800,2,1,2,2009,Rural,Excellent,No
39,40,741,4,1,3,1968,Downtown,Excellent,No
542,543,1039,5,3,2,1930,Urban,Poor,Yes
242,243,3854,2,1,3,2017,Rural,Fair,Yes
898,899,2622,5,4,1,2020,Downtown,Poor,Yes
1133,1134,538,1,4,3,1907,Rural,Poor,Yes
1448,1449,707,3,1,2,1953,Suburban,Excellent,No
1868,1869,2485,1,2,1,1911,Downtown,Fair,Yes
842,843,2455,5,3,1,1922,Suburban,Good,Yes
1418,1419,1417,3,2,1,1991,Rural,Poor,Yes
1653,1654,2690,3,2,3,1930,Rural,Excellent,Yes
1969,1970,1288,2,2,1,1968,Suburban,Excellent,No
661,662,2555,3,3,3,1922,Urban,Fair,No
1210,1211,2966,2,3,3,2004,Rural,Poor,No
314,315,2991,4,4,3,2010,Rural,Fair,No
691,692,1669,5,2,1,1917,Rural,Excellent,No
1503,1504,1894,1,2,1,2003,Downtown,Excellent,Yes
424,425,2643,1,3,3,1975,Suburban,Good,Yes
594,595,1577,4,1,2,1956,Suburban,Excellent,Yes
1963,1964,4131,1,3,2,1905,Suburban,Excellent,No
622,623,4664,3,3,3,1995,Rural,Fair,Yes
1170,1171,1665,1,3,3,1990,Rural,Excellent,Yes
1043,1044,3366,4,4,2,1970,Urban,Poor,Yes
227,228,4993,4,3,1,1976,Suburban,Poor,Yes
1117,1118,2000,1,2,1,2010,Rural,Excellent,Yes
1331,1332,3344,1,3,3,1936,Urban,Good,Yes
1315,1316,2928,4,2,1,1904,Urban,Poor,Yes
66,67,1516,4,4,3,1938,Rural,Excellent,Yes
24,25,689,5,1,3,1900,Urban,Excellent,Yes
144,145,2136,2,2,1,2013,Rural,Good,Yes
536,537,1167,3,4,3,1993,Urban,Poor,Yes
811,812,3610,4,1,2,2006,Downtown,Good,No
1466,1467,2427,4,2,3,1937,Urban,Fair,Yes
85,86,700,4,1,3,1913,Suburban,Fair,No
1660,1661,4068,2,3,1,2000,Urban,Excellent,No
1645,1646,1867,1,3,3,2000,Suburban,Fair,Yes
1804,1805,2834,4,4,1,1917,Downtown,Fair,No
1817,1818,3062,3,4,1,1914,Downtown,Excellent,No
1576,1577,781,2,4,3,1961,Suburban,Fair,No
1144,1145,3741,1,4,2,1952,Suburban,Poor,No
362,363,2135,3,1,1,1926,Rural,Good,Yes
1611,1612,2974,2,2,2,1970,Suburban,Excellent,No
1865,1866,4725,3,3,2,1920,Rural,Fair,No
1026,1027,4552,4,4,3,1966,Downtown,Fair,No
1030,1031,1109,5,2,2,2005,Downtown,Poor,No
1303,1304,1765,4,1,2,1990,Rural,Poor,Yes
1355,1356,1292,5,4,2,1992,Downtown,Fair,No
1730,1731,2160,3,1,2,1947,Urban,Excellent,No
665,666,1138,1,2,3,1948,Urban,Excellent,Yes
364,365,4952,2,2,1,1971,Rural,Excellent,No
77,78,2527,3,3,1,1994,Rural,Good,Yes
27,28,2399,2,4,1,1934,Downtown,Excellent,Yes
1436,1437,1939,1,1,1,1950,Urban,Excellent,No
525,526,4084,5,4,2,1984,Downtown,Excellent,Yes
1834,1835,3056,5,2,2,1949,Urban,Poor,No
55,56,3961,4,3,1,1949,Urban,Poor,Yes
638,639,2387,4,2,2,1935,Suburban,Poor,Yes
302,303,1666,2,1,1,1982,Rural,Fair,No
718,719,1660,3,4,2,2012,Suburban,Poor,Yes
624,625,4800,5,3,1,2011,Suburban,Excellent,No
7,8,3419,2,4,1,1925,Suburban,Good,Yes
803,804,2692,3,1,1,1953,Downtown,Excellent,No
1049,1050,1636,1,3,1,1908,Urban,Poor,Yes
336,337,1512,4,4,3,1922,Urban,Fair,No
47,48,4514,2,1,3,1952,Rural,Poor,No
1763,1764,4508,4,2,3,2020,Downtown,Fair,No
106,107,2257,2,4,3,1906,Downtown,Excellent,Yes
349,350,4749,1,2,1,1947,Downtown,Fair,No
1079,1080,4697,4,3,3,1932,Suburban,Poor,Yes
238,239,2193,5,1,2,2000,Suburban,Excellent,No
213,214,753,2,2,3,1986,Suburban,Fair,No
1775,1776,2972,3,1,3,1989,Urban,Fair,Yes
1138,1139,4611,3,1,1,2019,Rural,Excellent,No
793,794,2636,5,1,1,2009,Suburban,Excellent,Yes
1586,1587,3240,4,2,3,1967,Suburban,Excellent,Yes
1582,1583,1508,5,1,2,1956,Suburban,Fair,No
1671,1672,2447,3,4,1,1935,Rural,Good,Yes
523,524,3876,5,3,2,1968,Urban,Poor,Yes
232,233,4996,2,1,3,1943,Urban,Fair,Yes
644,645,4656,1,1,1,1940,Suburban,Excellent,Yes
1507,1508,1029,2,4,3,1939,Rural,Poor,No
533,534,3331,5,1,1,1930,Downtown,Excellent,Yes
1941,1942,663,3,1,2,1933,Urban,Fair,No
603,604,4481,1,1,3,1987,Rural,Fair,Yes
1329,1330,3842,3,1,1,2008,Suburban,Excellent,No
1074,1075,1752,2,2,3,1927,Rural,Excellent,No
1304,1305,1540,5,1,2,1924,Urban,Excellent,Yes
60,61,4797,5,1,2,1965,Suburban,Good,Yes
1263,1264,862,1,3,3,2005,Downtown,Poor,No
92,93,2070,2,2,2,2010,Downtown,Poor,No
666,667,555,2,4,2,1932,Suburban,Poor,Yes
280,281,2186,2,1,1,1907,Rural,Excellent,Yes
1113,1114,4732,4,3,3,2000,Downtown,Poor,No
359,360,3459,2,3,2,2005,Urban,Poor,Yes
1128,1129,3167,1,2,3,1932,Downtown,Excellent,Yes
1169,1170,4000,4,3,1,1936,Suburban,Fair,No
847,848,3825,5,3,3,1927,Downtown,Poor,Yes
1521,1522,2865,5,4,2,1951,Urban,Poor,Yes
110,111,2222,1,1,3,1998,Suburban,Excellent,No
42,43,3112,4,3,1,1987,Suburban,Excellent,No
125,126,2737,3,3,2,1999,Urban,Poor,Yes
204,205,1654,5,2,2,1945,Urban,Poor,No
52,53,4443,5,1,1,1951,Rural,Excellent,No
545,546,4275,3,2,3,2020,Rural,Poor,Yes
68,69,1378,2,1,1,1953,Rural,Fair,Yes
1740,1741,1962,5,2,2,1948,Urban,Good,Yes
1547,1548,3139,5,2,3,1970,Downtown,Excellent,Yes
183,184,2343,4,2,3,1968,Suburban,Excellent,Yes
137,138,1995,4,1,3,2019,Urban,Poor,No
899,900,885,4,2,2,2014,Urban,Excellent,No
796,797,2363,5,2,1,1925,Urban,Poor,No
132,133,4248,4,4,2,2013,Rural,Excellent,No
80,81,891,1,1,2,2000,Suburban,Good,No
1986,1987,3211,4,3,3,1965,Urban,Good,No
1540,1541,4896,4,1,2,1954,Downtown,Good,Yes
541,542,3245,1,4,3,1959,Urban,Poor,Yes
1668,1669,4365,5,4,1,1985,Suburban,Poor,Yes
983,984,1013,2,2,3,1907,Rural,Fair,No
165,166,697,3,4,3,2011,Downtown,Excellent,No
248,249,516,2,1,1,1956,Urban,Fair,No
446,447,643,3,2,3,1923,Suburban,Fair,No
1514,1515,1439,3,4,3,1982,Urban,Excellent,Yes
858,859,3505,4,2,1,1913,Rural,Good,Yes
1211,1212,3237,5,1,2,1966,Rural,Poor,Yes
97,98,4993,3,4,3,1940,Downtown,Poor,Yes
1973,1974,4526,3,1,3,1936,Rural,Fair,No
737,738,2310,3,2,1,1905,Rural,Poor,No
1255,1256,2496,5,1,1,1963,Downtown,Good,No
102,103,1363,1,3,2,1915,Suburban,Good,No
434,435,1228,1,3,2,1991,Rural,Fair,No
74,75,4384,5,4,3,1930,Rural,Excellent,No
1791,1792,841,2,2,2,1937,Downtown,Good,Yes
1234,1235,1454,3,1,1,1929,Rural,Good,Yes
918,919,4201,4,4,2,1999,Urban,Good,No
1711,1712,1786,2,2,1,1945,Urban,Fair,No
1670,1671,3001,2,3,3,1903,Rural,Excellent,Yes
1620,1621,3572,5,4,2,1965,Downtown,Poor,Yes
762,763,3324,2,4,2,1925,Urban,Excellent,No
989,990,2055,1,1,2,1903,Rural,Fair,No
388,389,4413,3,4,1,1949,Suburban,Poor,Yes
235,236,1454,5,3,2,1942,Downtown,Poor,Yes
1506,1507,4214,4,2,3,1984,Downtown,Good,Yes
267,268,3475,1,4,3,1999,Rural,Fair,Yes
1187,1188,1963,4,1,3,1959,Suburban,Fair,No
117,118,3193,3,1,3,1942,Rural,Poor,No
1606,1607,2299,4,3,1,1974,Downtown,Good,No
673,674,1418,3,4,2,1980,Rural,Good,Yes
249,250,1743,1,3,3,1923,Suburban,Good,Yes
1452,1453,521,1,1,1,1970,Downtown,Poor,No
1994,1995,2174,1,1,2,1973,Downtown,Poor,No
94,95,4340,1,1,3,1983,Urban,Poor,Yes
33,34,1146,1,3,3,1954,Downtown,Excellent,No
1463,1464,4138,3,4,1,1960,Urban,Fair,No
1667,1668,1526,1,2,2,2018,Suburban,Excellent,Yes
448,449,4991,1,2,3,1921,Downtown,Good,No
716,717,4235,3,1,2,1960,Urban,Good,No
1809,1810,3165,3,3,3,1972,Downtown,Fair,No
1517,1518,874,4,1,3,1915,Suburban,Fair,Yes
0,1,1360,5,4,3,1970,Downtown,Excellent,No
1375,1376,3724,5,4,1,1975,Downtown,Fair,Yes
1101,1102,4493,1,1,1,1993,Downtown,Poor,No
1108,1109,4845,4,2,1,1973,Rural,Excellent,No
1226,1227,3182,2,1,1,1977,Rural,Good,No
82,83,4061,2,1,1,2015,Downtown,Excellent,Yes
1288,1289,1636,4,4,3,1914,Urban,Fair,Yes
676,677,3845,4,2,1,1992,Downtown,Fair,Yes
1920,1921,4719,4,2,2,1993,Urban,Good,Yes
1046,1047,648,4,3,2,2005,Downtown,Poor,No
770,771,4527,2,4,1,1930,Downtown,Fair,Yes
1946,1947,4778,5,1,2,1983,Urban,Fair,No
1280,1281,3829,4,3,3,1901,Rural,Good,No
1580,1581,3032,3,3,2,2002,Suburban,Poor,Yes
1488,1489,903,1,1,3,1986,Urban,Excellent,No
404,405,917,4,1,3,1950,Suburban,Excellent,No
1727,1728,3597,4,2,3,2012,Downtown,Fair,Yes
1298,1299,2882,1,2,1,1922,Suburban,Fair,Yes
1340,1341,3396,5,1,1,2009,Urban,Good,No
104,105,1063,4,2,2,1911,Suburban,Excellent,Yes
688,689,566,3,1,3,1932,Urban,Excellent,Yes
1305,1306,1417,3,1,3,1976,Downtown,Excellent,No
826,827,2836,2,4,1,2000,Downtown,Fair,No
62,63,1495,2,2,3,1999,Rural,Good,Yes
852,853,845,4,1,3,1928,Suburban,Excellent,No
1353,1354,2355,2,4,2,1963,Rural,Fair,Yes
223,224,4291,4,1,1,1946,Rural,Poor,No
145,146,4196,2,2,2,1956,Downtown,Poor,No
1088,1089,4607,3,2,2,1981,Downtown,Good,No
373,374,1848,4,1,3,1977,Downtown,Poor,Yes
1420,1421,2741,5,1,1,2022,Urban,Excellent,No
1142,1143,810,4,3,1,1970,Urban,Fair,No
1826,1827,648,5,3,1,1914,Rural,Good,Yes
1494,1495,1773,5,3,1,2022,Urban,Poor,Yes
1601,1602,4970,4,4,3,1907,Urban,Excellent,Yes
1270,1271,1056,5,3,2,1997,Suburban,Excellent,Yes
9,10,2185,3,3,1,2000,Downtown,Poor,No
449,450,3438,4,2,1,1999,Urban,Fair,No
708,709,3209,4,3,1,1973,Urban,Good,No
255,256,1560,2,2,3,1948,Suburban,Poor,No
882,883,2145,1,3,3,1947,Suburban,Excellent,Yes
389,390,1566,5,3,1,1988,Suburban,Good,No
908,909,4072,1,3,3,2012,Rural,Fair,No
924,925,3712,1,3,2,1922,Urban,Poor,No
1703,1704,2181,3,1,2,1996,Suburban,Excellent,No
1232,1233,2060,3,1,3,2017,Urban,Poor,No
460,461,4830,5,1,2,1994,Urban,Fair,Yes
1269,1270,2969,1,3,2,2004,Suburban,Excellent,No
1759,1760,4858,4,2,1,2018,Rural,Poor,Yes
1168,1169,2550,3,2,2,1953,Downtown,Poor,No
958,959,2990,5,2,1,1943,Downtown,Poor,Yes
501,502,2458,3,2,2,2022,Urban,Fair,No
739,740,724,3,2,2,1926,Urban,Fair,No
1849,1850,4937,1,1,3,1970,Urban,Fair,Yes
868,869,626,2,2,1,1966,Downtown,Excellent,No
731,732,3428,3,3,2,1942,Downtown,Good,No
539,540,4685,5,4,2,2014,Downtown,Poor,Yes
1201,1202,4345,4,1,2,1964,Urban,Poor,No
697,698,3160,1,2,3,1916,Rural,Poor,No
1392,1393,2513,5,2,2,2007,Rural,Excellent,Yes
1376,1377,2753,4,2,2,2018,Rural,Good,Yes
1145,1146,1045,3,1,2,1953,Rural,Fair,Yes
1031,1032,954,5,4,2,2021,Downtown,Poor,No
372,373,1515,5,4,3,1969,Urban,Fair,Yes
667,668,1025,2,4,2,1924,Urban,Good,Yes
1525,1526,513,4,3,3,1948,Rural,Fair,Yes
357,358,2641,4,4,2,1949,Urban,Excellent,No
967,968,3038,2,4,2,1984,Urban,Good,Yes
783,784,4350,5,3,1,1923,Downtown,Good,Yes
735,736,3262,2,1,3,1931,Suburban,Poor,No
1035,1036,3469,1,4,2,2023,Suburban,Poor,No
970,971,4777,4,4,2,1985,Urban,Excellent,No
1524,1525,2146,3,2,2,1938,Downtown,Excellent,Yes
1486,1487,1456,5,4,3,1999,Downtown,Fair,No
1523,1524,4976,5,3,2,1942,Downtown,Excellent,No
1490,1491,1887,1,1,1,1909,Rural,Excellent,Yes
1642,1643,1350,4,4,1,1996,Urban,Good,No
1252,1253,2091,1,3,1,1996,Rural,Poor,Yes
1693,1694,4354,5,2,1,1915,Downtown,Excellent,Yes
1749,1750,2966,1,3,1,1997,Urban,Fair,Yes
1236,1237,1474,1,3,2,2019,Downtown,Excellent,No
885,886,3372,1,3,1,1959,Rural,Excellent,No
79,80,1995,4,4,2,1948,Rural,Fair,Yes
1172,1173,2533,3,3,1,1939,Suburban,Poor,No
814,815,3126,4,3,1,1930,Urban,Good,No
1285,1286,2485,1,2,1,1927,Urban,Fair,No
671,672,864,2,4,3,1956,Rural,Good,Yes
1531,1532,3438,5,1,3,2009,Suburban,Fair,No
57,58,4343,3,3,2,1940,Downtown,Excellent,No
133,134,1163,1,3,1,1977,Suburban,Excellent,No
1140,1141,1631,4,2,2,1934,Suburban,Good,No
933,934,2832,2,4,3,1929,Suburban,Good,No
1684,1685,1504,5,4,3,1932,Urban,Poor,No
823,824,1620,1,3,3,1914,Suburban,Poor,Yes
1214,1215,502,2,1,1,1909,Urban,Poor,Yes
504,505,4785,5,3,1,1943,Rural,Excellent,No
1774,1775,2414,5,4,2,1978,Urban,Fair,Yes
347,348,2794,4,1,1,1932,Suburban,Fair,No
386,387,3238,2,2,3,1970,Rural,Poor,No
1024,1025,2122,5,1,2,1927,Urban,Fair,Yes
894,895,4712,3,3,2,1991,Urban,Excellent,No
828,829,3145,2,1,3,1978,Rural,Fair,Yes
1892,1893,3219,5,3,1,1979,Rural,Fair,No
475,476,2356,3,2,2,1937,Rural,Fair,No
1470,1471,2835,3,1,2,1943,Downtown,Poor,Yes
1447,1448,958,2,4,3,2022,Urban,Poor,Yes
1581,1582,4328,3,2,2,1914,Downtown,Excellent,No
652,653,2253,2,4,1,1989,Urban,Poor,No
172,173,3897,1,3,1,1977,Suburban,Good,No
1149,1150,3712,3,1,3,1966,Suburban,Good,No
38,39,2561,2,3,1,1964,Rural,Good,No
713,714,3921,4,3,3,1990,Rural,Good,No
90,91,3231,3,3,2,2002,Downtown,Good,No
1936,1937,2509,1,4,1,1970,Rural,Excellent,Yes
1205,1206,3236,1,2,3,1945,Urban,Good,No
875,876,3867,3,1,3,1938,Urban,Fair,Yes
1351,1352,3733,5,2,3,2005,Urban,Fair,Yes
1889,1890,3536,5,3,2,1953,Urban,Poor,Yes
1093,1094,4562,2,3,1,1953,Urban,Poor,No
1155,1156,744,2,4,1,1997,Urban,Good,Yes
1781,1782,2975,3,1,1,1969,Rural,Excellent,No
1958,1959,516,2,3,1,1975,Urban,Fair,No
499,500,1394,1,1,2,1926,Urban,Good,No
338,339,1581,3,4,3,2006,Rural,Excellent,No
1188,1189,3915,3,3,3,2012,Urban,Fair,Yes
28,29,1767,3,3,3,2011,Downtown,Poor,Yes
1217,1218,1392,5,3,1,1948,Downtown,Excellent,No
1399,1400,2543,5,2,3,1953,Urban,Good,Yes
1820,1821,4943,2,3,2,1930,Downtown,Poor,Yes
945,946,3835,2,4,3,2019,Urban,Good,Yes
169,170,3772,1,3,1,1976,Urban,Poor,Yes
1404,1405,4262,4,3,1,1915,Downtown,Fair,No
1197,1198,2765,2,4,2,2019,Suburban,Good,Yes
1253,1254,3611,3,2,1,1957,Rural,Poor,No
1613,1614,4549,3,1,1,2002,Suburban,Good,Yes
912,913,2703,1,2,2,1997,Suburban,Good,Yes
491,492,4102,3,3,1,1917,Rural,Excellent,Yes
953,954,3962,5,1,3,1985,Rural,Excellent,Yes
1097,1098,2921,2,2,3,1939,Urban,Good,No
1032,1033,3453,3,2,2,1919,Urban,Good,Yes
587,588,749,1,3,3,1975,Rural,Good,Yes
750,751,2539,5,4,1,1969,Downtown,Good,No
657,658,3378,1,3,3,1998,Rural,Excellent,No
234,235,3235,1,1,2,1955,Urban,Poor,Yes
732,733,3051,5,4,3,1999,Suburban,Poor,Yes
1988,1989,2168,2,4,1,2010,Rural,Fair,No
1632,1633,3730,4,2,2,1972,Rural,Fair,Yes
1156,1157,771,2,3,1,1945,Rural,Fair,No
1469,1470,2856,1,4,1,2012,Downtown,Excellent,No
1424,1425,4738,2,3,1,1908,Rural,Poor,No
1627,1628,1203,1,3,3,1936,Urban,Poor,No
934,935,3876,5,3,3,1980,Suburban,Excellent,No
1209,1210,2414,5,2,2,2012,Rural,Fair,No
1065,1066,2620,2,2,1,1978,Suburban,Poor,No
108,109,3742,4,3,1,2018,Urban,Fair,No
1542,1543,3966,5,4,1,1906,Urban,Excellent,No
568,569,2133,5,4,2,2020,Downtown,Good,No
1167,1168,4260,2,2,1,1907,Rural,Fair,Yes
1174,1175,4888,4,4,3,1995,Rural,Excellent,Yes
890,891,4002,5,1,2,1922,Rural,Poor,Yes
947,948,1981,5,1,1,2001,Suburban,Good,No
1048,1049,2558,2,2,2,1957,Downtown,Excellent,No
1352,1353,2480,4,2,1,2012,Downtown,Poor,No
1777,1778,1207,5,2,2,1950,Downtown,Poor,Yes
1446,1447,2554,1,3,2,1930,Suburban,Poor,Yes
884,885,3530,1,2,2,1920,Suburban,Fair,No
1672,1673,1677,5,4,2,1905,Rural,Good,Yes
850,851,3705,1,1,1,2022,Suburban,Fair,No
734,735,1346,4,2,3,1916,Urban,Excellent,Yes
717,718,3370,2,1,1,1993,Rural,Fair,Yes
454,455,1562,2,4,1,1928,Rural,Fair,Yes
264,265,690,3,2,1,1989,Suburban,Poor,No
75,76,564,1,3,3,2014,Suburban,Poor,No
1657,1658,1940,1,2,3,2009,Urban,Fair,No
444,445,3282,2,3,3,1979,Downtown,Fair,No
395,396,3046,4,3,3,1954,Urban,Poor,Yes
176,177,3311,3,4,2,1936,Suburban,Good,Yes
1042,1043,4276,5,2,3,1960,Rural,Excellent,No
1735,1736,4645,5,2,2,1943,Downtown,Good,No
1401,1402,3996,3,4,3,1961,Downtown,Fair,Yes
1380,1381,2263,4,4,2,1938,Urban,Poor,No
595,596,735,1,1,1,1946,Downtown,Excellent,Yes
61,62,2481,5,3,2,1920,Suburban,Poor,Yes
1296,1297,1935,3,4,1,2000,Suburban,Excellent,Yes
872,873,3949,3,2,1,1955,Urban,Good,No
1489,1490,3279,1,4,1,1931,Suburban,Good,Yes
1878,1879,3029,1,3,2,1968,Rural,Fair,No
278,279,4514,5,1,1,2023,Urban,Fair,No
36,37,1100,2,1,3,1957,Rural,Good,No
1975,1976,578,5,3,1,1982,Suburban,Excellent,Yes
662,663,1776,1,4,3,2016,Rural,Fair,No
1953,1954,3993,3,2,1,1967,Rural,Good,No
1444,1445,750,4,4,3,2003,Rural,Poor,Yes
977,978,4742,5,4,2,2022,Suburban,Excellent,No
1571,1572,4453,3,1,3,1933,Downtown,Good,No
738,739,1223,3,3,1,1987,Urban,Poor,No
191,192,3869,5,4,3,1929,Downtown,Good,No
919,920,841,1,1,2,1911,Urban,Poor,Yes
456,457,3482,5,4,1,2011,Suburban,Poor,Yes
675,676,2031,1,4,2,1913,Urban,Excellent,No
760,761,2876,3,1,3,1978,Rural,Good,No
1807,1808,4906,2,3,2,1955,Suburban,Fair,No
1602,1603,2533,3,4,1,1976,Rural,Good,No
728,729,503,1,4,3,2012,Suburban,Poor,No
412,413,912,4,4,2,1958,Suburban,Good,Yes
1098,1099,1209,5,1,2,2007,Downtown,Fair,Yes
825,826,1450,4,3,3,1942,Downtown,Fair,Yes
1639,1640,4614,3,4,1,1909,Downtown,Poor,Yes
616,617,2680,5,1,2,1976,Suburban,Fair,No
114,115,3229,4,2,1,2005,Downtown,Good,No
417,418,3965,3,4,3,2012,Rural,Excellent,No
1910,1911,899,3,3,2,1942,Rural,Good,Yes
969,970,664,4,3,2,1910,Downtown,Good,No
604,605,2622,2,1,1,2003,Rural,Good,No
1918,1919,1319,5,4,2,1946,Downtown,Good,No
89,90,1304,4,3,3,1957,Suburban,Good,No
848,849,3419,1,2,1,2019,Rural,Fair,No
1519,1520,4505,1,4,1,2011,Rural,Poor,Yes
1917,1918,3792,2,1,1,1975,Urban,Good,Yes
753,754,2173,3,3,3,1954,Suburban,Fair,Yes
498,499,955,4,3,3,1920,Downtown,Poor,No
1276,1277,2074,2,2,2,1988,Downtown,Good,No
1325,1326,1953,5,1,1,1937,Suburban,Poor,No
11,12,2891,4,4,3,1978,Urban,Excellent,Yes
396,397,1253,2,3,3,2022,Rural,Fair,No
284,285,1909,5,4,2,1972,Suburban,Good,Yes
1066,1067,2843,1,1,3,1979,Rural,Excellent,No
1191,1192,1384,1,4,1,1920,Downtown,Good,No
1744,1745,1749,4,1,1,1983,Urban,Poor,No
690,691,2656,1,3,2,2003,Rural,Fair,No
1752,1753,1149,4,3,2,2006,Rural,Excellent,Yes
1875,1876,3030,3,2,3,1923,Urban,Good,No
689,690,732,3,1,2,2002,Urban,Fair,Yes
851,852,1314,2,3,3,1907,Suburban,Good,No
159,160,4718,4,3,3,1944,Downtown,Excellent,No
895,896,1074,3,1,1,1977,Downtown,Excellent,Yes
1575,1576,1543,3,3,3,1992,Rural,Good,Yes
257,258,3920,4,3,3,1975,Downtown,Good,No
335,336,2431,3,3,2,2006,Urban,Excellent,No
1879,1880,3464,2,1,3,1974,Suburban,Poor,No
1039,1040,4725,4,1,2,1986,Suburban,Good,Yes
515,516,4675,3,4,1,2002,Suburban,Good,Yes
1348,1349,4463,2,1,2,1907,Urban,Fair,No
1015,1016,3157,5,3,2,2001,Suburban,Excellent,No
768,769,1618,2,3,2,1945,Urban,Poor,Yes
1746,1747,1161,3,2,1,1974,Downtown,Good,Yes
761,762,3332,3,1,1,2008,Rural,Fair,No
1246,1247,3611,4,2,3,1979,Urban,Fair,No
1203,1204,553,1,4,2,1956,Urban,Fair,Yes
1467,1468,4304,5,2,1,1983,Downtown,Good,Yes
1983,1984,3956,4,4,1,1971,Urban,Poor,Yes
521,522,4012,2,1,3,1986,Downtown,Poor,Yes
22,23,1475,3,1,1,1927,Downtown,Poor,No
356,357,3618,4,1,2,1945,Downtown,Fair,No
1277,1278,4498,3,2,3,1923,Downtown,Fair,No
1312,1313,784,5,3,3,2021,Rural,Poor,Yes
1682,1683,3045,4,4,3,1938,Rural,Excellent,Yes
340,341,3349,3,3,1,2013,Suburban,Excellent,No
431,432,3414,2,2,1,1968,Rural,Fair,Yes
473,474,4219,3,3,2,1986,Suburban,Good,Yes
217,218,2700,4,1,3,2017,Downtown,Fair,No
911,912,3213,4,4,1,1994,Downtown,Excellent,No
1227,1228,1487,3,4,3,2002,Urban,Poor,No
1596,1597,4423,2,4,3,1943,Downtown,Excellent,Yes
1011,1012,2551,4,1,1,1991,Rural,Good,Yes
1949,1950,4335,4,2,2,1999,Downtown,Good,No
93,94,3190,3,2,3,1950,Downtown,Excellent,No
1008,1009,3930,3,2,2,1938,Suburban,Fair,No
1070,1071,2139,4,3,2,1962,Suburban,Good,No
1092,1093,838,1,1,2,1975,Downtown,Fair,Yes
1914,1915,1882,1,4,3,1958,Urban,Good,Yes
1308,1309,521,3,3,2,2008,Urban,Good,Yes
696,697,2972,1,2,1,1953,Suburban,Excellent,Yes
1827,1828,4537,1,4,1,2008,Suburban,Poor,Yes
996,997,3179,1,4,2,1929,Urban,Poor,Yes
153,154,2207,4,3,2,2014,Downtown,Poor,Yes
1099,1100,4226,5,4,2,1992,Suburban,Fair,No
1718,1719,4457,2,1,1,1976,Downtown,Excellent,Yes
1997,1998,1062,5,1,2,1903,Rural,Poor,No
789,790,3121,5,1,1,1958,Urban,Excellent,Yes
580,581,2548,4,3,2,1918,Urban,Good,No
703,704,1376,3,2,1,2000,Urban,Fair,Yes
1212,1213,1349,5,4,2,1910,Suburban,Excellent,Yes
1295,1296,4402,2,3,3,1911,Urban,Poor,Yes
1665,1666,3489,4,2,1,1924,Suburban,Fair,No
1260,1261,3739,4,3,2,2022,Downtown,Poor,No
487,488,3423,3,2,3,1952,Downtown,Fair,No
559,560,1515,4,1,1,1984,Downtown,Fair,Yes
1141,1142,4021,5,2,3,2013,Urban,Good,No
1119,1120,2919,4,4,2,2007,Suburban,Poor,Yes
801,802,1492,2,4,2,1971,Downtown,Poor,No
512,513,2605,5,4,2,2015,Downtown,Excellent,No
633,634,4955,4,3,3,1959,Urban,Poor,No
1921,1922,3802,1,4,1,1931,Urban,Fair,No
1787,1788,566,4,1,1,1945,Urban,Fair,Yes
1545,1546,1129,5,1,2,1992,Suburban,Good,No
1150,1151,4310,4,3,1,2023,Suburban,Fair,Yes
790,791,4727,5,4,1,1931,Suburban,Poor,No
116,117,3560,3,2,3,1973,Downtown,Fair,No
740,741,4708,3,1,2,1919,Urban,Good,No
1690,1691,3688,2,3,1,1945,Urban,Good,No
1081,1082,2136,4,1,1,1909,Suburban,Fair,No
830,831,2365,5,4,3,2013,Urban,Good,No
119,120,1863,2,4,1,1968,Downtown,Fair,No
656,657,4702,4,4,2,1915,Downtown,Excellent,No
1907,1908,4785,3,3,3,1941,Downtown,Good,No
635,636,2219,1,3,1,1995,Urban,Poor,No
369,370,2989,5,3,3,1961,Rural,Excellent,No
268,269,1684,3,2,3,2003,Downtown,Good,No
655,656,2786,4,2,1,1954,Suburban,Fair,No
935,936,2000,5,1,2,1931,Suburban,Excellent,No
822,823,3097,5,1,2,1911,Rural,Fair,No
866,867,3435,1,4,1,2007,Suburban,Excellent,Yes
46,47,1275,3,1,2,2000,Downtown,Good,No
1373,1374,3446,3,4,2,1943,Suburban,Poor,Yes
1708,1709,3916,3,4,1,1973,Rural,Fair,Yes
991,992,1779,5,1,2,1999,Downtown,Excellent,Yes
876,877,3868,4,2,1,1924,Suburban,Fair,Yes
773,774,4929,2,4,3,1994,Rural,Fair,Yes
1219,1220,3660,5,4,2,1910,Suburban,Fair,Yes
1999,2000,2989,5,1,3,1903,Suburban,Fair,No
4,5,4926,1,4,2,1975,Downtown,Fair,Yes
1003,1004,3073,1,3,3,1936,Urban,Excellent,Yes
1723,1724,3438,5,3,1,1966,Urban,Excellent,No
263,264,1639,5,4,2,1997,Suburban,Good,Yes
1569,1570,1456,4,4,2,1996,Urban,Fair,No
1830,1831,3331,5,4,1,1909,Suburban,Poor,Yes
443,444,1217,5,4,2,1944,Downtown,Poor,Yes
1002,1003,3780,3,4,3,1956,Suburban,Good,No
1077,1078,1958,2,4,2,2010,Rural,Excellent,Yes
837,838,3391,3,1,2,2015,Rural,Poor,Yes
1790,1791,4653,5,2,2,1975,Downtown,Good,No
304,305,2482,3,4,2,1941,Downtown,Good,Yes
1365,1366,1090,4,4,2,1937,Rural,Poor,No
1557,1558,3234,2,1,3,1967,Urban,Excellent,Yes
313,314,4354,5,3,2,1996,Suburban,Fair,Yes
149,150,2660,3,4,2,1979,Downtown,Excellent,Yes
1148,1149,2304,5,3,1,1924,Downtown,Fair,No
1213,1214,2609,2,4,1,1911,Suburban,Fair,Yes
574,575,3256,1,4,2,1966,Urban,Good,No
50,51,2455,1,3,3,1967,Downtown,Poor,No
1552,1553,2860,2,2,3,1910,Downtown,Fair,No
726,727,967,4,4,1,1911,Urban,Fair,No
833,834,3728,5,1,3,2007,Urban,Poor,No
1377,1378,3844,2,2,3,1916,Urban,Fair,No
1115,1116,2021,4,1,1,1959,Downtown,Excellent,Yes
1166,1167,3124,4,2,3,1937,Rural,Fair,Yes
470,471,2040,3,1,1,2014,Suburban,Good,No
971,972,1322,2,4,2,2005,Suburban,Good,Yes
653,654,2796,5,2,2,1968,Rural,Good,No
399,400,3396,3,1,3,1951,Downtown,Fair,No
511,512,633,3,1,1,2021,Urban,Good,Yes
320,321,1491,4,3,2,1911,Urban,Fair,Yes
19,20,3058,5,2,2,2016,Downtown,Excellent,No
684,685,625,2,3,3,1981,Downtown,Good,Yes
35,36,2935,4,4,2,1979,Urban,Poor,No
902,903,917,3,2,2,1920,Suburban,Excellent,Yes
1778,1779,2304,2,3,3,1987,Suburban,Poor,No
827,828,2743,1,1,1,1936,Downtown,Excellent,No
1853,1854,4637,5,3,3,1904,Downtown,Fair,Yes
407,408,4474,4,1,3,1934,Suburban,Poor,No
920,921,2224,1,1,3,2008,Rural,Poor,No
537,538,4968,4,3,3,1945,Downtown,Excellent,No
758,759,820,2,3,3,1997,Downtown,Poor,Yes
1904,1905,4476,3,2,1,1957,Rural,Fair,Yes
1062,1063,981,5,4,2,1918,Urban,Poor,No
1199,1200,3300,2,4,3,2020,Suburban,Fair,Yes
245,246,3567,1,4,1,1912,Rural,Excellent,No
1416,1417,4544,3,2,3,1975,Downtown,Good,No
1127,1128,3723,3,1,1,2015,Suburban,Excellent,No
784,785,1372,3,4,2,2008,Downtown,Excellent,No
1742,1743,982,3,4,1,1956,Urban,Fair,No
489,490,4686,3,1,2,2017,Suburban,Fair,Yes
154,155,3277,2,4,3,2013,Urban,Good,No
961,962,3800,5,2,3,2006,Urban,Poor,No
853,854,2849,1,1,3,1910,Rural,Fair,Yes
1311,1312,1186,2,2,2,2011,Downtown,Good,Yes
625,626,4318,5,1,2,1946,Downtown,Poor,No
685,686,4096,1,4,1,1922,Downtown,Fair,Yes
1561,1562,2155,5,4,2,1912,Rural,Excellent,No
569,570,2652,3,1,3,1931,Suburban,Good,Yes
1908,1909,4065,2,3,3,1927,Downtown,Excellent,No
17,18,974,2,2,1,1919,Downtown,Poor,Yes
127,128,4529,5,2,3,1917,Downtown,Good,Yes
1346,1347,4679,3,3,3,1926,Downtown,Poor,Yes
1279,1280,2903,2,4,1,1916,Urban,Good,No
1968,1969,2779,3,3,2,1979,Urban,Poor,No
927,928,2982,3,3,2,1995,Suburban,Fair,Yes
980,981,1414,4,2,3,1981,Downtown,Excellent,Yes
1964,1965,1620,2,2,3,1982,Suburban,Poor,Yes
190,191,4561,1,2,1,1966,Suburban,Poor,Yes
1139,1140,992,5,2,2,1986,Rural,Poor,No
992,993,4077,2,2,1,1904,Urban,Fair,No
1955,1956,2944,1,3,3,2004,Suburban,Excellent,No
1656,1657,3375,3,3,3,1954,Urban,Poor,No
606,607,1829,5,3,3,1932,Urban,Fair,No
180,181,3719,2,4,2,2007,Suburban,Poor,No
301,302,1471,2,1,3,1961,Suburban,Poor,No
496,497,4209,1,4,2,2020,Downtown,Poor,Yes
1720,1721,2345,3,2,2,2020,Suburban,Fair,No
1709,1710,4945,3,1,3,1981,Suburban,Fair,No
1887,1888,1345,1,2,2,1976,Urban,Excellent,No
1991,1992,4397,4,1,2,1981,Rural,Poor,Yes
517,518,3784,4,2,2,1965,Suburban,Excellent,No
1984,1985,4006,2,3,3,1960,Downtown,Poor,No
1069,1070,1438,1,4,1,1973,Downtown,Good,No
476,477,1865,2,4,2,1930,Downtown,Good,Yes
157,158,702,3,2,1,1963,Downtown,Poor,Yes
1243,1244,3520,2,1,3,1986,Downtown,Excellent,No
1195,1196,4821,1,1,1,1909,Downtown,Excellent,Yes
16,17,3404,2,1,1,1903,Urban,Fair,Yes
1535,1536,2613,1,2,3,1935,Downtown,Good,No
1072,1073,4726,5,1,1,2014,Rural,Fair,Yes
1971,1972,3349,1,3,3,1900,Urban,Excellent,Yes
546,547,3008,1,4,2,1901,Suburban,Fair,Yes
1539,1540,4523,2,4,2,1923,Suburban,Fair,No
658,659,4643,1,2,1,1989,Urban,Poor,No
1625,1626,3791,4,2,1,2012,Suburban,Poor,No
1019,1020,2675,3,1,2,2007,Suburban,Excellent,No
1662,1663,3515,5,2,1,1952,Rural,Poor,No
1504,1505,4781,4,1,1,1953,Rural,Excellent,No
959,960,827,5,2,1,1975,Rural,Poor,No
1881,1882,1036,2,1,1,1959,Urban,Good,Yes
283,284,3037,1,4,3,2010,Rural,Poor,No
797,798,1818,3,1,1,1908,Rural,Poor,No
1626,1627,4533,1,3,2,1956,Rural,Excellent,No
225,226,4567,4,4,1,1995,Downtown,Fair,Yes
26,27,3505,4,2,3,1955,Urban,Good,Yes
1770,1771,1690,5,2,1,1921,Rural,Poor,No
437,438,1198,4,2,2,1981,Rural,Fair,Yes
1948,1949,1045,2,1,2,1982,Downtown,Excellent,No
1388,1389,3268,5,1,1,1978,Urban,Excellent,Yes
229,230,4487,4,3,2,1968,Suburban,Good,Yes
37,38,2863,1,2,3,1982,Urban,Excellent,Yes
749,750,1401,1,1,1,1983,Suburban,Good,Yes
1045,1046,4624,3,3,3,1933,Rural,Excellent,Yes
1398,1399,1228,5,1,1,2019,Downtown,Poor,No
469,470,1717,2,2,3,1963,Rural,Fair,Yes
1692,1693,4646,1,1,2,2009,Suburban,Fair,Yes
1967,1968,4595,4,3,1,1906,Downtown,Excellent,Yes
687,688,2103,4,2,2,2009,Downtown,Excellent,Yes
1843,1844,3767,1,2,1,1901,Downtown,Fair,No
639,640,3766,2,2,1,2012,Suburban,Excellent,Yes
1712,1713,3679,4,2,1,2012,Downtown,Good,No
1218,1219,2530,4,3,3,1988,Urban,Excellent,No
1158,1159,2271,5,3,2,1910,Rural,Poor,No
1415,1416,3348,3,4,1,2020,Urban,Excellent,Yes
1527,1528,3655,1,1,2,1911,Rural,Excellent,Yes
1655,1656,4486,1,3,1,1916,Downtown,Poor,Yes
1300,1301,2584,1,3,1,1995,Urban,Good,Yes
1822,1823,4443,5,3,3,1966,Suburban,Poor,Yes
800,801,2690,2,1,2,1963,Urban,Fair,Yes
1603,1604,1864,4,1,1,2000,Rural,Poor,Yes
160,161,4996,1,1,1,2005,Downtown,Fair,No
956,957,4908,1,4,1,1964,Suburban,Poor,Yes
1186,1187,1306,4,3,1,1932,Rural,Poor,No
821,822,2704,3,2,3,1918,Rural,Fair,Yes
1681,1682,2890,3,1,3,1954,Urban,Fair,No
877,878,4297,5,1,2,1920,Urban,Poor,Yes
913,914,3620,5,2,2,1905,Suburban,Excellent,No
152,153,3974,5,1,3,1902,Urban,Fair,Yes
1870,1871,4759,3,2,3,1919,Rural,Good,No
1776,1777,3546,1,2,3,1971,Downtown,Good,Yes
509,510,1323,4,3,1,2022,Rural,Excellent,Yes
1135,1136,4087,4,4,3,1941,Downtown,Fair,No
1250,1251,2662,5,2,1,1974,Rural,Poor,Yes
1683,1684,2911,3,1,1,1983,Downtown,Good,Yes
103,104,3290,4,2,3,1903,Rural,Good,Yes
1445,1446,2930,1,1,3,1932,Downtown,Excellent,Yes
1443,1444,4706,3,4,3,2017,Downtown,Fair,Yes
586,587,2074,1,3,1,1934,Rural,Fair,No
1768,1769,1625,1,1,3,1905,Downtown,Excellent,No
1143,1144,1238,3,3,3,1978,Downtown,Fair,No
53,54,3573,5,3,1,1952,Suburban,Fair,No
151,152,1354,3,4,2,1913,Suburban,Excellent,No
403,404,3569,1,1,2,1997,Downtown,Excellent,Yes
1942,1943,964,5,2,1,2009,Suburban,Poor,No
207,208,2196,5,4,1,1950,Rural,Good,Yes
1894,1895,4638,4,4,3,2009,Urban,Poor,No
1122,1123,4997,2,2,2,1918,Urban,Excellent,No
1890,1891,2994,2,2,1,1925,Urban,Excellent,Yes
8,9,630,2,2,1,1932,Rural,Poor,Yes
1014,1015,3680,3,2,1,2013,Rural,Good,Yes
1906,1907,1679,4,4,1,1938,Rural,Fair,Yes
1060,1061,4420,5,4,2,2007,Downtown,Good,Yes
452,453,1667,3,2,1,1957,Suburban,Poor,Yes
253,254,3944,4,4,3,1959,Urban,Excellent,No
1327,1328,1015,4,3,1,1966,Downtown,Fair,No
896,897,1036,2,4,2,1971,Rural,Good,No
1733,1734,3725,1,2,3,1911,Downtown,Fair,Yes
880,881,3976,4,1,2,1914,Downtown,Excellent,Yes
1595,1596,1418,3,3,3,1920,Urban,Excellent,Yes
1888,1889,4103,1,1,1,1923,Rural,Fair,Yes
623,624,3093,3,4,2,1987,Downtown,Fair,No
345,346,1970,4,3,3,1976,Urban,Fair,Yes
1702,1703,605,2,2,3,1918,Rural,Good,Yes
262,263,1199,2,3,1,2002,Downtown,Good,No
1634,1635,1847,5,3,3,1996,Rural,Excellent,No
1321,1322,3494,2,4,1,1998,Urban,Good,Yes
1438,1439,1215,5,2,3,1938,Downtown,Poor,Yes
150,151,4597,1,3,3,1974,Suburban,Fair,Yes
472,473,2886,3,4,2,1923,Rural,Excellent,Yes
640,641,1166,5,1,1,1962,Rural,Fair,Yes
1982,1983,4682,3,3,3,1961,Urban,Excellent,No
1882,1883,4723,4,4,1,1994,Downtown,Fair,No
550,551,2081,4,4,2,1998,Downtown,Good,No
1779,1780,4213,1,4,1,1947,Suburban,Good,Yes
928,929,1451,3,3,3,1906,Urban,Poor,No
488,489,2714,3,4,1,1966,Urban,Good,Yes
1811,1812,1132,4,2,2,1954,Rural,Excellent,Yes
1171,1172,875,1,3,2,1991,Downtown,Good,No
146,147,3499,3,2,3,1948,Downtown,Fair,No
1704,1705,4597,5,4,2,1965,Downtown,Excellent,No
1928,1929,2264,1,1,1,1955,Downtown,Excellent,Yes
402,403,2125,5,4,3,1912,Rural,Excellent,No
954,955,3579,1,3,1,2017,Downtown,Excellent,No
1877,1878,1548,5,3,2,1935,Rural,Fair,Yes
659,660,4144,4,4,1,1981,Urban,Excellent,Yes
1372,1373,4973,1,1,1,1930,Rural,Poor,No
463,464,3824,4,2,2,1942,Downtown,Good,Yes
1349,1350,1433,3,2,1,1922,Suburban,Excellent,Yes
186,187,2459,2,2,3,1908,Downtown,Poor,No
1147,1148,4846,1,2,2,2013,Suburban,Fair,Yes
1224,1225,1790,3,1,3,1952,Downtown,Poor,Yes
608,609,2982,2,4,2,1987,Downtown,Fair,Yes
143,144,3957,4,1,3,1981,Suburban,Good,Yes
751,752,509,2,2,2,2002,Urban,Poor,Yes
1534,1535,527,2,2,3,1948,Downtown,Poor,No
981,982,1808,2,3,2,1991,Downtown,Good,No
197,198,4223,3,4,2,1956,Suburban,Fair,Yes
1633,1634,988,1,4,1,1924,Rural,Good,No
883,884,1705,1,2,1,1985,Rural,Fair,Yes
279,280,3401,4,2,1,1929,Downtown,Good,Yes
293,294,1024,2,2,2,1971,Urban,Excellent,Yes
1823,1824,863,2,4,2,1955,Rural,Fair,Yes
400,401,4685,5,4,3,1901,Downtown,Fair,No
122,123,2029,4,2,1,1908,Urban,Good,No
1207,1208,2413,3,4,1,1909,Urban,Excellent,No
202,203,2182,5,1,2,1961,Suburban,Good,Yes
1462,1463,2669,5,2,2,1988,Rural,Fair,Yes
835,836,3728,5,3,2,1983,Suburban,Poor,Yes
246,247,1315,5,4,1,1902,Urban,Fair,No
1439,1440,4411,5,1,1,1936,Urban,Poor,No
1753,1754,1468,3,3,1,2023,Downtown,Excellent,No
1901,1902,2450,3,4,2,1928,Urban,Poor,No
1707,1708,2637,2,3,2,2023,Downtown,Fair,No
1880,1881,1463,3,2,2,1923,Suburban,Fair,No
1153,1154,2532,1,2,3,1945,Rural,Excellent,Yes
1661,1662,3838,4,4,1,1925,Rural,Good,Yes
1426,1427,605,3,2,1,1958,Downtown,Excellent,No
384,385,2068,4,4,3,1922,Downtown,Excellent,Yes
1758,1759,1843,2,2,3,1942,Rural,Good,No
854,855,862,3,1,1,2000,Downtown,Excellent,No
1589,1590,625,4,2,3,1965,Urban,Fair,Yes
219,220,4933,4,3,2,1943,Urban,Poor,No
641,642,4688,1,3,1,1968,Downtown,Good,No
1,2,4272,5,4,3,1958,Downtown,Excellent,No
112,113,3657,5,1,2,1980,Rural,Excellent,No
698,699,3239,4,1,3,1918,Urban,Poor,Yes
1915,1916,1903,4,1,3,2005,Rural,Fair,No
951,952,554,3,3,1,1978,Downtown,Poor,Yes
1648,1649,2124,5,3,2,1951,Rural,Excellent,No
1636,1637,3673,1,3,1,2014,Downtown,Fair,No
1885,1886,4224,4,1,2,1979,Downtown,Poor,Yes
1410,1411,3220,5,1,1,1985,Suburban,Fair,No
1409,1410,1091,5,2,2,2015,Suburban,Good,No
1533,1534,2540,1,3,2,1900,Downtown,Good,No
1291,1292,1507,2,2,3,1978,Rural,Excellent,Yes
1808,1809,707,4,3,3,1923,Suburban,Good,Yes
441,442,3002,1,1,3,1901,Rural,Good,No
1520,1521,3552,4,3,2,1917,Downtown,Good,Yes
1136,1137,1420,1,2,2,1997,Downtown,Excellent,No
1715,1716,944,3,2,2,1932,Suburban,Fair,Yes
1256,1257,1812,2,4,2,2022,Suburban,Excellent,No
1863,1864,572,1,1,3,1960,Suburban,Fair,Yes
1631,1632,4328,2,2,2,1970,Suburban,Excellent,Yes
1695,1696,640,1,4,3,1983,Downtown,Poor,Yes
1397,1398,2067,2,4,3,2001,Rural,Poor,Yes
663,664,3266,2,1,1,1913,Suburban,Excellent,Yes
1835,1836,4225,2,2,2,2013,Downtown,Good,No
1257,1258,1785,2,2,3,2002,Downtown,Excellent,No
1773,1774,572,3,3,1,1924,Downtown,Excellent,No
1700,1701,4110,5,1,1,1902,Downtown,Fair,No
317,318,3551,4,3,2,1906,Suburban,Good,Yes
648,649,2893,2,1,3,1948,Downtown,Fair,Yes
1434,1435,3644,4,2,3,2022,Suburban,Fair,No
1479,1480,1254,3,2,2,1944,Downtown,Excellent,No
709,710,2824,4,2,2,1973,Rural,Good,No
1382,1383,1516,2,4,1,1947,Rural,Fair,Yes
1282,1283,2512,3,3,3,1930,Suburban,Fair,Yes
972,973,1443,2,4,3,1934,Downtown,Good,No
627,628,4323,4,3,3,1908,Downtown,Fair,No
632,633,1399,5,2,3,1976,Downtown,Excellent,Yes
1306,1307,1385,3,3,2,2018,Suburban,Poor,No
1400,1401,4697,4,1,2,2020,Urban,Excellent,No
1408,1409,3617,1,4,3,1989,Downtown,Fair,No
1248,1249,817,5,3,3,1921,Urban,Excellent,No
1952,1953,1959,5,3,1,1944,Urban,Good,Yes
1254,1255,4430,3,2,3,1992,Urban,Poor,Yes
1496,1497,3125,5,2,2,1961,Downtown,Poor,No
1371,1372,4399,5,2,2,1989,Downtown,Good,Yes
1529,1530,4314,1,3,3,1909,Rural,Poor,Yes
1663,1664,3389,1,2,1,1916,Rural,Excellent,No
1354,1355,3556,5,4,2,2022,Downtown,Fair,Yes
1925,1926,2639,5,1,2,1925,Rural,Poor,Yes
1900,1901,1189,3,2,3,1942,Suburban,Fair,No
1643,1644,1888,3,3,1,1964,Downtown,Fair,No
1848,1849,2690,3,1,1,1925,Suburban,Good,No
795,796,2843,5,1,1,1936,Urban,Excellent,No
645,646,3622,4,4,1,1973,Downtown,Excellent,No
1012,1013,941,4,3,2,1977,Rural,Poor,No
1839,1840,3317,2,4,2,1981,Downtown,Excellent,No
556,557,509,5,1,3,1904,Urban,Poor,Yes
681,682,1562,2,4,1,2002,Rural,Good,No
577,578,4136,2,2,1,1950,Rural,Poor,No
1109,1110,890,4,1,2,1997,Downtown,Good,Yes
1266,1267,4951,2,2,3,1989,Rural,Fair,No
1722,1723,2208,1,3,2,1923,Rural,Excellent,Yes
1183,1184,2608,3,4,3,1979,Suburban,Poor,Yes
524,525,3986,1,1,3,1908,Suburban,Fair,No
1059,1060,2262,1,1,2,1977,Suburban,Fair,No
540,541,4219,5,3,1,1991,Urban,Poor,No
1194,1195,3901,1,4,1,1968,Urban,Excellent,Yes
1678,1679,3330,2,3,2,2018,Rural,Good,No
748,749,4244,4,1,2,1902,Rural,Good,No
1851,1852,4607,5,2,3,1993,Rural,Good,No
1430,1431,816,3,4,1,1945,Suburban,Fair,No
484,485,3641,1,4,1,1924,Rural,Excellent,Yes
1757,1758,1269,5,4,2,1975,Urban,Good,Yes
95,96,1528,2,3,1,1901,Rural,Poor,Yes
1020,1021,4424,5,2,1,2011,Suburban,Fair,Yes
563,564,2693,4,2,2,1937,Rural,Fair,Yes
1264,1265,3104,3,3,2,1961,Urban,Excellent,Yes
742,743,4915,1,4,2,1965,Downtown,Excellent,Yes
863,864,3230,1,2,1,1998,Suburban,Fair,Yes
1598,1599,2469,1,1,2,1918,Rural,Good,Yes
1714,1715,2859,4,4,1,1912,Rural,Poor,No
1484,1485,658,4,1,1,1958,Downtown,Good,Yes
891,892,1832,5,3,3,1912,Rural,Excellent,Yes
1577,1578,3344,4,2,3,1912,Suburban,Good,Yes
1038,1039,4129,1,1,2,1966,Urban,Poor,No
206,207,3691,1,1,2,1924,Urban,Good,Yes
392,393,4607,1,4,3,2004,Urban,Fair,Yes
794,795,2949,2,4,2,1917,Suburban,Good,No
870,871,3556,3,1,2,1938,Urban,Poor,No
397,398,2582,2,4,2,1908,Urban,Good,No
766,767,3990,5,2,2,1953,Downtown,Good,Yes
1841,1842,2225,3,2,3,2004,Rural,Poor,No
1241,1242,3887,2,4,1,2001,Suburban,Fair,No
1028,1029,1145,1,1,1,1994,Rural,Fair,Yes
1792,1793,3274,5,4,2,1910,Rural,Excellent,No
642,643,1171,3,4,1,1985,Suburban,Poor,No
1891,1892,4985,2,4,2,1965,Urban,Excellent,Yes
612,613,4761,5,3,2,1915,Urban,Good,Yes
1762,1763,2077,5,1,1,1957,Rural,Good,No
960,961,3810,3,4,1,1956,Urban,Good,No
1570,1571,2439,3,3,1,1911,Suburban,Poor,Yes
725,726,505,5,4,1,1939,Suburban,Good,Yes
683,684,1796,3,4,2,1976,Rural,Fair,Yes
98,99,1370,3,4,1,1982,Rural,Fair,Yes
804,805,1748,2,2,1,2005,Urban,Excellent,No
1751,1752,2046,4,2,2,1973,Urban,Excellent,No
1597,1598,4903,1,3,2,2023,Rural,Excellent,No
406,407,1116,3,1,1,1933,Suburban,Fair,Yes
502,503,3572,4,4,1,1969,Downtown,Excellent,Yes
1071,1072,4620,5,3,3,1967,Rural,Good,Yes
1056,1057,3211,4,1,1,2005,Suburban,Fair,No
929,930,1222,3,3,2,1993,Rural,Good,Yes
779,780,3060,4,2,2,2003,Suburban,Poor,Yes
200,201,2556,2,4,1,1925,Urban,Fair,No
134,135,2498,5,3,3,1924,Rural,Good,Yes
1051,1052,3354,4,1,2,2014,Suburban,Fair,Yes
40,41,2541,4,3,3,1950,Urban,Good,Yes
1017,1018,1304,1,1,2,2005,Urban,Good,Yes
230,231,2027,3,3,1,1957,Urban,Good,Yes
1513,1514,3869,3,3,2,1963,Downtown,Poor,Yes
1796,1797,4374,1,2,2,1938,Downtown,Excellent,Yes
378,379,4046,1,1,2,1938,Urban,Excellent,Yes
288,289,4841,2,3,3,1924,Downtown,Good,No
418,419,3004,4,4,1,1918,Downtown,Poor,Yes
1698,1699,4135,4,1,3,1907,Rural,Excellent,No
391,392,2944,3,3,1,1984,Downtown,Excellent,No
592,593,4863,3,2,2,2002,Rural,Fair,No
1522,1523,2025,3,4,3,1947,Downtown,Poor,No
1162,1163,1420,4,4,3,2006,Rural,Excellent,Yes
1086,1087,4140,5,1,1,2000,Downtown,Excellent,No
1495,1496,4311,3,3,3,2004,Urban,Fair,Yes
647,648,1023,2,4,1,1981,Suburban,Poor,Yes
1152,1153,4624,5,4,1,1954,Downtown,Good,No
1367,1368,4133,3,2,1,1952,Suburban,Fair,Yes
520,521,1750,4,3,2,1985,Urban,Fair,Yes
1862,1863,4419,5,3,2,1919,Downtown,Excellent,No
64,65,4298,5,3,2,2002,Downtown,Fair,Yes
1836,1837,2101,1,2,1,1970,Rural,Good,Yes
14,15,3885,1,3,1,1970,Urban,Fair,Yes
1180,1181,2734,3,3,3,2009,Suburban,Excellent,No
1064,1065,2024,4,3,2,2018,Rural,Excellent,Yes
492,493,4634,1,1,3,1908,Downtown,Fair,No
379,380,1351,5,2,1,1911,Downtown,Poor,Yes
187,188,2885,3,1,3,2005,Downtown,Excellent,Yes
763,764,2494,3,1,3,2020,Downtown,Poor,Yes
216,217,598,1,4,2,1960,Suburban,Poor,No
791,792,1100,1,3,1,2015,Suburban,Good,Yes
1076,1077,671,4,1,1,2022,Suburban,Excellent,No
878,879,2292,3,4,3,1909,Rural,Excellent,No
337,338,2164,1,4,2,1996,Urban,Poor,Yes
1772,1773,4948,1,1,2,1987,Rural,Poor,Yes
719,720,742,1,2,3,1979,Urban,Excellent,Yes
1748,1749,3352,5,1,1,2020,Suburban,Excellent,No
295,296,4631,1,4,1,1986,Urban,Poor,No
1725,1726,1743,5,2,2,2014,Downtown,Good,No
1016,1017,4298,3,2,1,1903,Rural,Good,No
1275,1276,4241,4,4,2,1935,Suburban,Fair,Yes
1750,1751,1487,4,2,3,1973,Downtown,Fair,Yes
1485,1486,2477,3,3,2,1948,Urban,Excellent,Yes
455,456,2656,1,3,1,1934,Urban,Poor,No
1996,1997,3046,5,2,1,2019,Suburban,Poor,Yes
815,816,1702,5,2,2,1948,Rural,Good,No
1886,1887,1042,4,3,2,1923,Downtown,Fair,No
269,270,3827,3,2,2,1951,Urban,Poor,Yes
995,996,3261,2,4,3,1997,Downtown,Excellent,No
201,202,3670,3,4,1,1901,Urban,Excellent,Yes
161,162,1266,1,1,2,1981,Rural,Poor,Yes
1579,1580,4793,2,1,3,1901,Urban,Poor,No
729,730,1145,1,3,3,1920,Rural,Fair,No
401,402,1275,4,2,1,1924,Suburban,Fair,No
702,703,2862,4,4,3,2019,Urban,Fair,No
1500,1501,2297,3,1,1,2000,Suburban,Excellent,Yes
1845,1846,761,1,1,3,1983,Downtown,Poor,No
1795,1796,1732,1,2,3,2013,Urban,Poor,Yes
1129,1130,630,2,1,2,1939,Rural,Fair,No
565,566,4658,4,1,2,2013,Urban,Good,No
1413,1414,4837,5,4,1,1909,Suburban,Excellent,No
1021,1022,2589,1,2,2,1924,Urban,Excellent,No
1025,1026,841,1,2,3,1968,Suburban,Fair,Yes
1411,1412,1213,2,2,1,1930,Rural,Excellent,No
1895,1896,4849,5,2,3,1964,Rural,Fair,No
1585,1586,775,1,1,2,2002,Downtown,Fair,Yes
1104,1105,3859,3,3,1,2010,Downtown,Good,No
205,206,4999,4,2,1,1967,Downtown,Excellent,No
34,35,3388,3,3,2,1988,Urban,Fair,Yes
775,776,875,5,2,3,2005,Rural,Excellent,Yes
508,509,3940,1,1,1,1916,Downtown,Fair,Yes
1451,1452,3885,5,2,1,2013,Suburban,Fair,Yes
1478,1479,3471,4,4,1,1917,Downtown,Fair,Yes
1970,1971,1214,2,4,1,1915,Rural,Poor,Yes
1390,1391,4360,1,4,2,1905,Downtown,Good,No
91,92,3273,2,3,3,1957,Urban,Poor,No
1363,1364,3880,1,1,2,2019,Downtown,Poor,No
897,898,2125,2,3,1,1908,Suburban,Poor,No
564,565,723,4,4,3,1919,Urban,Good,No
1369,1370,1459,2,1,1,2004,Rural,Excellent,Yes
776,777,4030,3,1,2,1995,Urban,Poor,No
241,242,2985,4,3,3,1969,Urban,Poor,Yes
13,14,1684,1,1,1,2004,Rural,Good,No
315,316,3160,2,3,2,1915,Urban,Poor,No
600,601,3874,3,2,3,1983,Suburban,Fair,No
387,388,3998,3,3,3,2003,Rural,Excellent,No
1297,1298,1071,1,3,2,1972,Suburban,Good,No
166,167,2430,4,2,1,1988,Urban,Fair,No
840,841,594,2,2,1,1949,Urban,Fair,Yes
20,21,2547,4,4,2,1935,Suburban,Good,Yes
646,647,4400,2,2,3,1923,Suburban,Good,No
1842,1843,2189,2,4,2,1987,Downtown,Poor,Yes
1508,1509,4123,3,3,3,1918,Urban,Poor,No
1154,1155,4913,5,1,2,1923,Urban,Good,Yes
1528,1529,629,5,1,3,2008,Urban,Fair,No
831,832,3412,5,2,1,2006,Downtown,Excellent,No
1267,1268,4786,5,2,3,2003,Rural,Good,No
1590,1591,4565,3,4,2,1915,Downtown,Fair,No
1899,1900,4350,3,3,2,1934,Urban,Poor,No
562,563,3636,3,3,3,1960,Downtown,Good,No
1951,1952,4304,5,4,3,1939,Suburban,Poor,Yes
686,687,3783,1,3,2,1961,Suburban,Good,Yes
957,958,3306,5,1,2,1917,Suburban,Excellent,No
189,190,2302,3,2,3,1932,Rural,Poor,No
1806,1807,1516,1,4,3,1957,Urban,Fair,No
975,976,2698,5,1,1,1941,Downtown,Fair,No
699,700,2261,5,2,3,1990,Rural,Poor,Yes
1499,1500,3479,4,4,1,1999,Downtown,Poor,Yes
1705,1706,4516,2,2,2,1978,Urban,Excellent,No
510,511,1428,1,1,1,1939,Downtown,Good,Yes
1082,1083,3615,5,2,2,1982,Downtown,Poor,No
474,475,1888,3,3,3,1965,Suburban,Fair,No
1584,1585,1535,3,1,1,1933,Downtown,Excellent,No
856,857,2765,2,2,2,1954,Urban,Excellent,Yes
747,748,2526,1,2,1,1937,Urban,Excellent,Yes
252,253,1569,3,1,1,1942,Downtown,Good,No
21,22,3247,4,3,1,1931,Downtown,Excellent,No
1337,1338,3593,2,2,3,1951,Downtown,Fair,No
459,460,1232,5,3,3,1959,Suburban,Excellent,Yes
1184,1185,4568,5,1,3,1992,Urban,Excellent,No
276,277,3233,1,4,1,2013,Suburban,Excellent,Yes
955,956,1332,1,4,2,1923,Rural,Poor,Yes
1215,1216,4755,5,1,3,1924,Urban,Fair,No
385,386,4500,4,4,2,1947,Downtown,Fair,Yes
805,806,3554,1,1,2,1985,Urban,Good,Yes
1437,1438,1052,3,2,1,1977,Downtown,Excellent,No
1515,1516,1025,2,2,2,1946,Suburban,Excellent,No
343,344,3843,3,3,3,1925,Downtown,Excellent,No
769,770,2104,5,4,3,2021,Urban,Good,No
1332,1333,2704,1,1,2,2018,Rural,Fair,Yes
1685,1686,520,3,2,1,1913,Rural,Excellent,No
130,131,1209,2,2,3,1956,Suburban,Fair,No
1687,1688,1514,1,2,2,1999,Rural,Poor,No
871,872,1103,5,1,2,1977,Rural,Good,Yes
1123,1124,1966,4,3,2,1995,Rural,Poor,No
1396,1397,665,1,2,2,1997,Urban,Poor,No
87,88,2954,3,1,3,1996,Suburban,Excellent,No
1482,1483,1402,2,3,3,1958,Rural,Good,Yes
330,331,1869,3,2,3,1921,Downtown,Excellent,No
1238,1239,4472,3,2,3,1976,Downtown,Poor,Yes
466,467,1691,3,3,3,1948,Urban,Fair,No
121,122,2163,5,1,1,2005,Urban,Good,No
1638,1639,2137,2,1,3,1917,Downtown,Good,Yes
1044,1045,3863,3,4,2,2009,Suburban,Fair,Yes
1724,1725,1800,4,1,1,2010,Suburban,Excellent,No
1095,1096,3652,4,4,3,2006,Downtown,Fair,Yes
1130,1131,3483,5,3,3,1931,Downtown,Good,Yes
1294,1295,1747,3,3,2,1941,Downtown,Fair,Yes
860,861,1484,2,3,3,1973,Downtown,Good,No
1459,1460,3456,5,4,1,1955,Downtown,Good,Yes
1126,1127,1682,2,1,3,2006,Suburban,Good,No
